Group Id,Legally incorporated,Legal form,Date of incorporation,Group Formation Date,Are they working with the Hub?,Registered Provider,Charitable Status,Project ID,Project Postcode Area,Current Stage,Approach/Model,Total number of homes,Target overall year for completion,Affordable Rent Homes,Discounted Market Sale Homes (% income),Discounted Market Sale Homes (% market),Intermediate Rent Homes,Market Sale Homes,Mutual Home Ownership Homes,Social Rent Homes,Living Rent Homes,Market Rent Homes,Shared Equity Homes,Shared Ownership Homes,Rent to Buy Homes,Undetermined Tenure Homes,Refurbished Homes,New Build Homes,Not Known Age Homes,Homes bought from developer,Custom-build homes,Self-finish homes,Conventional build method homes,Self-build homes,Not known build method homes,
172,TRUE,Registered Society (formerly known as Industrial and Provident Society),28/01/2014,,No,FALSE,FALSE,178,TQ13,Build,Community Land Trust,28,2020,20,0,0,0,0,0,0,0,0,0,8,0,0,0,28,0,0,0,0,0,0,28,
173,FALSE,Not yet incorporated,,,No,FALSE,FALSE,179,SE5,No Stage Selected,Community Land Trust,,,,,,,,,,,,,,,,,,,,,,,,,
175,TRUE,Company Limited by Guarantee,03/12/2015,,,FALSE,FALSE,181,TQ6,Group,Community Land Trust,150,2022,150,0,0,0,0,0,0,0,0,0,0,0,0,0,0,150,0,0,0,0,0,150,
224,FALSE,,,,,FALSE,FALSE,232,,Group,Community Land Trust,10,,10,0,0,0,0,0,0,0,0,0,0,0,0,0,0,10,0,0,0,0,0,10,
226,TRUE,Community Benefit Society (non-charitable),22/06/2018,,No,FALSE,FALSE,233,EX24,Plan,Community Land Trust,20,2022,20,0,0,0,0,0,0,0,0,0,0,0,0,0,20,0,0,0,0,0,0,20,
227,TRUE,Community Benefit Society (non-charitable),11/01/2019,,No,FALSE,FALSE,234,EX34,Plan,Community Land Trust,10,2022,10,0,0,0,0,0,0,0,0,0,0,0,0,0,10,0,0,0,0,0,0,10,
230,TRUE,Community Benefit Society (non-charitable),24/04/2019,,Yes,FALSE,FALSE,237,SE14,Concept,Community Land Trust,32,2026,0,0,0,0,0,0,0,32,0,0,0,0,0,0,0,32,0,0,0,0,0,32,
100,TRUE,Community Benefit Society (non-charitable),10/04/2019,,Yes,FALSE,FALSE,104,YO61,Group,Community Land Trust,,,,,,,,,,,,,,,,,,,,,,,,,
106,TRUE,Registered Society (formerly known as Industrial and Provident Society),23/03/2012,,,FALSE,FALSE,113,DT6,Build,Cohousing; Community Land Trust,34,,34,0,0,0,0,0,0,0,0,0,0,0,0,0,0,34,0,0,0,0,0,34,
586,FALSE,Not yet incorporated,01/01/2020,,Yes,FALSE,FALSE,608,BH24,Concept,Community Land Trust,6,2022,6,0,0,0,0,0,0,0,0,0,0,0,0,0,0,6,0,0,0,0,0,6,
589,FALSE,Not yet incorporated,,,No,FALSE,FALSE,611,KT9,No Stage Selected,Community Land Trust,,,,,,,,,,,,,,,,,,,,,,,,,
641,TRUE,Community Benefit Society (charitable),04/01/2019,01/09/2018,Yes,FALSE,TRUE,668,SP3,Concept,Community Land Trust,35,2024,20,0,0,0,0,0,0,0,0,0,15,0,0,0,0,35,0,0,0,0,0,35,
642,TRUE,Community Benefit Society (non-charitable),18/08/2015,,,FALSE,FALSE,669,GL6,Live,Community Land Trust,10,,10,0,0,0,0,0,0,0,0,0,0,0,0,0,0,10,0,0,0,0,0,10,
590,TRUE,Community Benefit Society (non-charitable),19/10/2016,01/09/2013,Yes,FALSE,FALSE,612,SY14,Group,Community Land Trust,10,2024,0,0,0,0,0,0,0,0,0,0,0,0,10,0,10,0,0,0,0,10,0,0,
596,FALSE,Not yet incorporated,,,,FALSE,FALSE,619,TA9,Build,Community Land Trust,12,,12,0,0,0,0,0,0,0,0,0,0,0,0,0,0,12,0,0,0,0,0,12,
597,FALSE,Not yet incorporated,,,,FALSE,FALSE,620,NR18,No Stage Selected,Community Land Trust,,,,,,,,,,,,,,,,,,,,,,,,,
599,TRUE,Community Benefit Society (non-charitable),29/06/2016,,,FALSE,FALSE,622,SN14,Site,Community Land Trust,27,2021,0,0,0,0,9,0,9,0,0,0,9,0,0,0,0,27,0,0,0,0,0,27,
180,TRUE,Community Benefit Society (non-charitable),02/07/2017,,No,FALSE,FALSE,186,DT9,Plan,Community Land Trust,10,2021,10,0,0,0,0,0,0,0,0,0,0,0,0,0,10,0,0,0,0,0,0,10,
186,TRUE,Community Benefit Society (non-charitable),02/07/2012,,,FALSE,FALSE,192,OX15,No Stage Selected,Community Land Trust,,,,,,,,,,,,,,,,,,,,,,,,,
187,TRUE,Company Limited by Guarantee,30/12/2009,,,FALSE,FALSE,193,PO19,Concept,Community Land Trust,2,2021,0,0,0,0,0,0,2,0,0,0,0,0,0,2,0,0,0,0,0,0,0,2,
189,TRUE,Community Benefit Society (non-charitable),17/08/2018,,Yes,FALSE,FALSE,195,BN8,Site,Community Land Trust,6,2021,0,0,0,0,0,0,6,0,0,0,0,0,0,0,0,6,0,0,0,0,0,6,
1358,FALSE,,,01/01/2020,Yes,FALSE,FALSE,1437,,Group,Community Land Trust,,,,,,,,,,,,,,,,,,,,,,,,,
762,TRUE,Community Interest Company,15/12/2011,,,FALSE,FALSE,793,TR17,Concept,Community Land Trust,10,,10,0,0,0,0,0,0,0,0,0,0,0,0,0,0,10,0,0,0,0,0,10,
1105,TRUE,Registered Society (formerly known as Industrial and Provident Society),24/10/2006,,,FALSE,FALSE,1138,BH19,Live,Community Land Trust,5,,5,0,0,0,0,0,0,0,0,0,0,0,0,0,0,5,0,0,0,0,0,5,
1108,TRUE,Community Benefit Society (non-charitable),11/04/2019,01/07/2017,,FALSE,FALSE,1141,DY10,No Stage Selected,Community Land Trust,,,,,,,,,,,,,,,,,,,,,,,,,
1109,TRUE,Community Benefit Society (non-charitable),02/03/2016,,No,FALSE,FALSE,1142,TA20,Plan,Community Land Trust,6,2021,6,0,0,0,0,0,0,0,0,0,0,0,0,0,6,0,0,0,0,0,0,6,
1114,TRUE,Community Benefit Society (non-charitable),26/01/2017,,Yes,FALSE,FALSE,601,,No Stage Selected,Cohousing; Community Land Trust,140,2021,0,0,0,0,0,140,0,0,0,0,0,0,0,0,140,0,0,0,0,0,0,140,
1124,FALSE,Community Benefit Society (non-charitable),29/01/2019,01/03/2018,Yes,FALSE,FALSE,1164,BN1,Plan,Community Land Trust,70,2023,35,0,0,0,0,0,0,0,0,35,0,0,0,0,70,0,0,0,0,0,0,70,
764,FALSE,Not yet incorporated,,,,FALSE,FALSE,795,TR1,Group,Community Land Trust,,,,,,,,,,,,,,,,,,,,,,,,,
1122,TRUE,Community Benefit Society (non-charitable),27/07/2017,,No,FALSE,FALSE,1162,EX18,Plan,Community Land Trust,10,2021,10,0,0,0,0,0,0,0,0,0,0,0,0,0,10,0,0,0,0,0,0,10,
1268,FALSE,,,,Yes,FALSE,FALSE,1282,BN18,Site,Community Land Trust,20,2022,0,0,0,0,0,0,20,0,0,0,0,0,0,0,20,0,0,0,0,0,0,20,
1270,FALSE,,15/08/2018,,Yes,FALSE,FALSE,1284,,Group,Community Land Trust,15,2023,0,0,0,0,0,0,0,0,0,0,0,0,15,0,0,15,0,0,0,0,0,15,
1273,FALSE,,,,No,FALSE,FALSE,1287,,Plan,Community Land Trust,60,2021,20,0,0,0,40,0,0,0,0,0,0,0,0,0,60,0,0,0,0,0,0,60,
1274,FALSE,,,,No,FALSE,FALSE,1288,,Group,Community Land Trust,10,2022,10,0,0,0,0,0,0,0,0,0,0,0,0,0,10,0,0,0,0,0,0,10,
1275,FALSE,,,,No,FALSE,FALSE,1358,,Group,Community Land Trust,10,2022,10,0,0,0,0,0,0,0,0,0,0,0,0,0,10,0,0,0,0,0,0,10,
1276,FALSE,,,,No,FALSE,FALSE,1359,,Site,Community Land Trust,10,2022,10,0,0,0,0,0,0,0,0,0,0,0,0,0,10,0,0,0,0,0,0,10,
1277,FALSE,,,,No,FALSE,FALSE,1360,,Site,Community Land Trust,15,2022,15,0,0,0,0,0,0,0,0,0,0,0,0,0,15,0,0,0,0,0,0,15,
118,TRUE,Registered Society (formerly known as Industrial and Provident Society),09/03/2009,,,FALSE,FALSE,124,TQ9,Live,Community Land Trust,6,2016,0,0,0,0,0,0,0,0,0,6,0,0,0,0,0,6,0,0,0,0,0,6,
123,TRUE,Community Benefit Society (non-charitable),30/11/2016,,,FALSE,FALSE,129,HR3,Concept,Community Land Trust,,,,,,,,,,,,,,,,,,,,,,,,,
149,FALSE,Not yet incorporated,07/06/2001,,,FALSE,FALSE,156,PL33,Live,Community Land Trust,14,2012,0,0,5,0,0,0,9,0,0,0,0,0,0,0,0,14,0,0,0,0,0,14,
600,TRUE,Registered Society (formerly known as Industrial and Provident Society),28/08/2012,,No,FALSE,FALSE,623,DT6,Live,Community Land Trust,7,2015,7,0,0,0,0,0,0,0,0,0,0,0,0,0,7,0,0,0,0,0,0,7,
636,TRUE,Company Limited by Guarantee,20/02/2001,,,FALSE,FALSE,663,RH14,Group,Community Land Trust,,,,,,,,,,,,,,,,,,,,,,,,,
672,TRUE,Registered Society (formerly known as Industrial and Provident Society),02/08/2012,01/02/2012,No,FALSE,FALSE,649,TA14,Live,Community Land Trust,10,2015,8,0,0,0,0,0,0,0,0,0,2,0,0,0,10,0,0,0,0,10,0,0,
804,TRUE,Community Benefit Society (non-charitable),07/04/2016,,No,FALSE,FALSE,836,TA19,Live,Community Land Trust,3,2017,3,0,0,0,0,0,0,0,0,0,0,0,0,0,3,0,0,0,0,0,0,3,
1404,FALSE,,,,,FALSE,FALSE,1484,SN8,No Stage Selected,Community Land Trust,,,,,,,,,,,,,,,,,,,,,,,,,
1405,FALSE,,,,,FALSE,FALSE,1485,EX14,No Stage Selected,Community Land Trust,,,,,,,,,,,,,,,,,,,,,,,,,
1406,FALSE,,,,,FALSE,FALSE,1486,WR8,No Stage Selected,Community Land Trust,,,,,,,,,,,,,,,,,,,,,,,,,
10,TRUE,Community Benefit Society (non-charitable),30/11/2018,,,FALSE,FALSE,10,PO41,No Stage Selected,Community Land Trust,10,,0,0,0,0,0,0,0,0,0,0,0,0,10,0,10,0,0,0,0,0,0,10,
29,TRUE,Community Interest Company,05/04/2018,,,FALSE,FALSE,29,BS11,No Stage Selected,Community Land Trust,45,,0,0,0,0,0,0,0,0,0,0,0,0,45,0,0,45,0,0,0,0,0,45,
54,TRUE,Company Limited by Guarantee,,,,FALSE,FALSE,55,CF24,Group,Community Land Trust,25,2024,15,0,0,0,0,0,0,0,0,0,5,0,5,0,0,25,0,0,0,0,0,25,
1407,FALSE,,,,,FALSE,FALSE,1487,M41,No Stage Selected,Community Land Trust,,,,,,,,,,,,,,,,,,,,,,,,,
1408,FALSE,,,,,FALSE,FALSE,1488,,No Stage Selected,Community Land Trust,,,,,,,,,,,,,,,,,,,,,,,,,
1409,FALSE,,,,,FALSE,FALSE,1489,CT1,No Stage Selected,Community Land Trust,,,,,,,,,,,,,,,,,,,,,,,,,
1410,FALSE,,,,,FALSE,FALSE,1490,EX39,No Stage Selected,Community Land Trust,,,,,,,,,,,,,,,,,,,,,,,,,
1411,TRUE,Community Benefit Society (non-charitable),23/12/2019,,,FALSE,FALSE,1491,HD9,No Stage Selected,Community Land Trust,,,,,,,,,,,,,,,,,,,,,,,,,
1412,TRUE,Community Benefit Society (non-charitable),11/12/2019,,,FALSE,FALSE,1492,NR30,No Stage Selected,Community Land Trust,,,,,,,,,,,,,,,,,,,,,,,,,
1413,TRUE,Community Benefit Society (non-charitable),04/03/2020,,,FALSE,FALSE,1493,SA62,No Stage Selected,Community Land Trust,,,,,,,,,,,,,,,,,,,,,,,,,
1025,TRUE,Company Limited by Guarantee,20/11/2013,,,FALSE,FALSE,1058,LA12,Site,Community Land Trust,,,,,,,,,,,,,,,,,,,,,,,,,
1026,TRUE,Registered Society (formerly known as Industrial and Provident Society),08/08/1995,,,FALSE,FALSE,1059,M21,Group,Community Land Trust,,,,,,,,,,,,,,,,,,,,,,,,,
41,TRUE,Community Benefit Society (non-charitable),29/08/2018,,,FALSE,FALSE,41,TQ13,No Stage Selected,Community Land Trust,,,,,,,,,,,,,,,,,,,,,,,,,
44,FALSE,,,,,FALSE,FALSE,44,,No Stage Selected,Community Land Trust,,,,,,,,,,,,,,,,,,,,,,,,,
503,TRUE,Community Interest Company,25/04/2018,,,FALSE,FALSE,526,CO15,No Stage Selected,Community Land Trust,,,,,,,,,,,,,,,,,,,,,,,,,
504,FALSE,Not yet incorporated,31/01/2000,,Yes,FALSE,FALSE,527,NE8,Live,Community Land Trust,12,,12,0,0,0,0,0,0,0,0,0,0,0,0,0,0,12,0,0,0,0,0,12,
504,FALSE,Not yet incorporated,31/01/2000,,Yes,FALSE,FALSE,1421,NE8,Site,Community Land Trust,24,,24,0,0,0,0,0,0,0,0,0,0,0,0,0,0,24,0,0,0,0,0,24,
1100,TRUE,Company Limited by Guarantee,30/03/2012,,Yes,FALSE,FALSE,1133,LA11,Plan,Community Land Trust,10,2021,0,0,0,0,0,0,5,0,0,0,0,0,5,0,0,10,0,0,0,0,0,10,
1103,FALSE,Not yet incorporated,,,,FALSE,FALSE,1136,RG8,Concept,Community Land Trust,,,,,,,,,,,,,,,,,,,,,,,,,
674,TRUE,Community Benefit Society (non-charitable),05/03/2013,,Yes,FALSE,FALSE,700,NG1,Concept,Cohousing; Community Land Trust,14,,0,0,0,0,0,0,0,0,0,0,0,0,14,0,0,14,0,0,0,0,0,14,
675,TRUE,Community Benefit Society (non-charitable),01/04/2015,,,TRUE,FALSE,701,NG5,Concept,Community Land Trust,21,2021,5,0,0,0,0,0,0,0,0,5,7,4,0,0,0,21,0,0,0,0,0,21,
676,TRUE,Community Benefit Society (non-charitable),04/09/2017,,,FALSE,FALSE,702,PL1,Concept,Community Land Trust,80,2023,40,0,0,0,0,0,40,0,0,0,0,0,0,0,0,80,0,0,0,0,0,80,
677,TRUE,Community Benefit Society (non-charitable),26/04/2016,,Yes,FALSE,FALSE,703,NW6,Site,Community Land Trust,18,2025,6,0,0,0,0,0,0,3,3,0,6,0,0,0,0,18,0,0,0,0,0,18,
683,TRUE,Registered Society (formerly known as Industrial and Provident Society),08/01/1974,,Yes,TRUE,FALSE,709,RH5,Group,Community Land Trust,15,2024,8,0,0,0,0,0,0,0,0,0,7,0,0,0,0,15,0,0,0,0,0,15,
570,TRUE,Registered Society (formerly known as Industrial and Provident Society),23/05/2007,,No,FALSE,FALSE,914,E3,Live,Community Land Trust,23,,0,0,0,0,0,0,0,23,0,0,0,0,0,0,0,23,0,0,0,0,0,23,
570,TRUE,Registered Society (formerly known as Industrial and Provident Society),23/05/2007,,No,FALSE,FALSE,1304,,Site,Community Land Trust,10,2025,0,0,0,0,0,0,0,10,0,0,0,0,0,0,0,10,0,0,0,0,0,10,
570,TRUE,Registered Society (formerly known as Industrial and Provident Society),23/05/2007,,No,FALSE,FALSE,110,E1 2,Plan,Community Land Trust,11,2022,0,0,0,0,0,0,0,11,0,0,0,0,0,0,0,11,0,0,0,0,0,11,
1000,TRUE,Community Benefit Society (non-charitable),11/02/2014,,,FALSE,FALSE,1033,WR9,Build,Community Land Trust,10,,10,0,0,0,0,0,0,0,0,0,0,0,0,0,0,10,0,0,0,0,0,10,
61,FALSE,Not yet incorporated,,01/07/2016,,FALSE,TRUE,62,RG26,Group,Community Land Trust,4,2021,4,0,0,0,0,0,0,0,0,0,0,0,0,0,4,0,0,4,0,0,0,0,
64,TRUE,Registered Society (formerly known as Industrial and Provident Society),07/11/2013,,,TRUE,FALSE,714,EX12,Plan,Community Land Trust,20,2022,12,0,0,0,0,0,0,0,0,0,0,0,8,0,20,0,0,0,0,0,0,20,
64,TRUE,Registered Society (formerly known as Industrial and Provident Society),07/11/2013,,,TRUE,FALSE,586,EX12,Live,Community Land Trust,7,2015,4,0,0,0,0,0,0,0,0,3,0,0,0,0,7,0,0,0,0,0,0,7,
570,TRUE,Registered Society (formerly known as Industrial and Provident Society),23/05/2007,,No,FALSE,FALSE,1305,,Plan,Community Land Trust,12,,0,0,0,0,0,0,0,12,0,0,0,0,0,0,0,12,0,0,0,0,0,12,
570,TRUE,Registered Society (formerly known as Industrial and Provident Society),23/05/2007,,No,FALSE,FALSE,1302,,Site,Community Land Trust,20,2025,8,0,0,0,0,0,0,4,0,0,8,0,0,0,0,20,0,0,0,0,0,20,
570,TRUE,Registered Society (formerly known as Industrial and Provident Society),23/05/2007,,No,FALSE,FALSE,1423,,Site,Community Land Trust,25,,0,0,0,0,0,0,0,25,0,0,0,0,0,0,0,25,0,0,0,0,0,25,
570,TRUE,Registered Society (formerly known as Industrial and Provident Society),23/05/2007,,No,FALSE,FALSE,1143,SE3,Site,Community Land Trust,32,,0,0,0,0,0,0,0,32,0,0,0,0,0,0,0,32,0,0,0,0,0,32,
570,TRUE,Registered Society (formerly known as Industrial and Provident Society),23/05/2007,,No,FALSE,FALSE,1303,,Site,Community Land Trust,32,,0,0,0,0,0,0,0,0,0,0,0,0,32,0,0,32,0,0,0,0,0,32,
570,TRUE,Registered Society (formerly known as Industrial and Provident Society),23/05/2007,,No,FALSE,FALSE,1306,,Plan,Community Land Trust,40,2024,16,0,0,0,0,0,0,8,0,0,16,0,0,0,0,40,0,0,0,0,0,40,
164,TRUE,Community Interest Company,14/12/2011,,,FALSE,FALSE,164,CV1,No Stage Selected,Community Land Trust,,,,,,,,,,,,,,,,,,,,,,,,,
1006,TRUE,Registered Society (formerly known as Industrial and Provident Society),09/07/2012,,,FALSE,FALSE,1040,TQ9,Concept,Community Land Trust,62,,0,0,0,0,0,0,0,0,0,0,0,0,62,0,0,62,0,0,0,0,0,62,
1008,TRUE,Community Benefit Society (non-charitable),22/06/2018,,No,FALSE,FALSE,1042,E1 2,No Stage Selected,Community Land Trust,,,,,,,,,,,,,,,,,,,,,,,,,
232,TRUE,Registered Society (formerly known as Industrial and Provident Society),15/03/1988,,,FALSE,TRUE,239,TS1,Build,Community Land Trust,20,2024,20,0,0,0,0,0,0,0,0,0,0,0,0,0,0,20,0,0,0,0,0,20,
248,TRUE,Community Benefit Society (non-charitable),13/03/2007,,,TRUE,FALSE,112,TR1,Live,Community Land Trust,8,2016,0,0,8,0,0,0,0,0,0,0,0,0,0,0,0,8,0,0,0,0,0,8,
248,TRUE,Community Benefit Society (non-charitable),13/03/2007,,,TRUE,FALSE,925,TR1,Live,Community Land Trust,1,2016,0,0,0,0,0,0,0,0,0,0,1,0,0,0,0,1,0,0,0,1,0,0,
249,TRUE,Registered Society (formerly known as Industrial and Provident Society),26/06/2012,,No,FALSE,FALSE,256,EX13,Live,Community Land Trust,6,2015,4,0,0,0,0,0,0,0,0,0,2,0,0,0,6,0,0,0,0,0,0,6,
690,TRUE,Charitable Incorporated Organisation,07/02/2017,,,FALSE,TRUE,717,TN31,No Stage Selected,Community Land Trust,,,,,,,,,,,,,,,,,,,,,,,,,
692,TRUE,Community Benefit Society (non-charitable),27/10/2017,,Yes,FALSE,FALSE,719,LS21,Concept,Community Land Trust,30,,0,0,0,0,0,0,0,0,0,0,0,0,30,15,15,0,0,0,0,0,0,30,
693,TRUE,Company Limited by Guarantee,18/01/1996,,,FALSE,FALSE,720,NE1,Group,Community Land Trust,,,,,,,,,,,,,,,,,,,,,,,,,
1096,FALSE,Not yet incorporated,,,,FALSE,FALSE,1128,RH14,Concept,Community Land Trust,,,,,,,,,,,,,,,,,,,,,,,,,
1099,TRUE,Community Benefit Society (non-charitable),07/01/2016,,Yes,FALSE,FALSE,1131,CB6,Concept,Community Land Trust,,,,,,,,,,,,,,,,,,,,,,,,,
847,TRUE,Registered Society (formerly known as Industrial and Provident Society),21/12/2011,,,FALSE,FALSE,881,TQ10,No Stage Selected,Community Land Trust,14,,7,0,0,0,0,0,0,0,0,0,7,0,0,0,0,14,0,0,0,0,0,14,
849,TRUE,Registered Society (formerly known as Industrial and Provident Society),26/03/2013,,Yes,FALSE,FALSE,883,BN1,Concept,Community Land Trust,4,2022,4,0,0,0,0,0,0,0,0,0,0,0,0,0,0,4,0,0,0,0,0,4,
852,TRUE,Community Benefit Society (non-charitable),30/09/2015,,No,FALSE,FALSE,886,TA13,Live,Community Land Trust,10,2020,10,0,0,0,0,0,0,0,0,0,0,0,0,0,10,0,0,0,0,0,0,10,
857,TRUE,Community Benefit Society (non-charitable),09/05/2019,,Yes,FALSE,FALSE,891,W5,Concept,Community Land Trust,4,,4,0,0,0,0,0,0,0,0,0,0,0,0,0,0,4,0,0,0,0,0,4,
858,TRUE,Charitable Incorporated Organisation,19/09/2018,,,FALSE,TRUE,892,PO10,No Stage Selected,Community Land Trust,,,,,,,,,,,,,,,,,,,,,,,,,
1372,TRUE,Community Benefit Society (non-charitable),19/11/2019,,Yes,FALSE,FALSE,1453,SY9,Group,Community Land Trust,,,,,,,,,,,,,,,,,,,,,,,,,
731,TRUE,Registered Society (formerly known as Industrial and Provident Society),21/06/2013,,,FALSE,FALSE,762,PL1,Concept,Community Land Trust,,,,,,,,,,,,,,,,,,,,,,,,,
732,TRUE,Community Benefit Society (non-charitable),09/01/2018,,No,FALSE,FALSE,763,DT5,Plan,Community Land Trust,9,2021,9,0,0,0,0,0,0,0,0,0,0,0,0,0,9,0,0,0,0,0,0,9,
735,TRUE,Community Benefit Society (non-charitable),12/12/2018,01/01/2017,Yes,FALSE,FALSE,766,PO1,Site,Community Land Trust,2,2022,0,0,0,0,0,0,0,0,0,0,0,0,2,0,0,2,0,0,0,0,0,2,
834,TRUE,Community Interest Company,09/05/2012,,Yes,FALSE,FALSE,867,LA22,Live,Community Land Trust,4,2017,4,0,0,0,0,0,0,0,0,0,0,0,0,0,0,4,0,0,0,0,0,4,
834,TRUE,Community Interest Company,09/05/2012,,Yes,FALSE,FALSE,868,LA22,Live,Community Land Trust,1,2017,1,0,0,0,0,0,0,0,0,0,0,0,0,0,0,1,0,0,0,0,0,1,
845,TRUE,Community Interest Company,07/11/2018,,,FALSE,FALSE,879,TS10,No Stage Selected,Community Land Trust,,,,,,,,,,,,,,,,,,,,,,,,,
1146,FALSE,,,06/11/2018,Yes,FALSE,FALSE,1431,WR14,Site,Cohousing; Community Land Trust,20,,0,0,0,0,0,0,0,0,0,0,0,0,20,10,10,0,0,0,0,0,0,20,
99,TRUE,Registered Society (formerly known as Industrial and Provident Society),22/08/2012,,No,FALSE,FALSE,103,EX22,Live,Community Land Trust,10,2015,10,0,0,0,0,0,0,0,0,0,0,0,0,0,10,0,0,0,0,0,0,10,
101,TRUE,Registered Society (formerly known as Industrial and Provident Society),23/10/2012,,No,FALSE,FALSE,106,EX5,Live,Community Land Trust,7,2015,7,0,0,0,0,0,0,0,0,0,0,0,0,0,7,0,0,0,0,0,0,7,
109,TRUE,Registered Society (formerly known as Industrial and Provident Society),21/04/2011,,,TRUE,FALSE,369,BS5,Live,Community Land Trust,12,,6,0,0,0,0,0,0,0,0,0,6,0,0,0,0,12,0,0,0,0,0,12,
109,TRUE,Registered Society (formerly known as Industrial and Provident Society),21/04/2011,,,TRUE,FALSE,845,BS5,Build,Community Land Trust,85,2023,11,0,0,0,0,0,0,0,0,0,0,0,74,0,0,85,0,0,0,0,0,85,
114,TRUE,Registered Society (formerly known as Industrial and Provident Society),29/03/2007,,,FALSE,FALSE,120,SY20,No Stage Selected,Community Land Trust,,,,,,,,,,,,,,,,,,,,,,,,,
193,TRUE,Company Limited by Guarantee,09/01/2013,,,FALSE,FALSE,199,PR3,No Stage Selected,Community Land Trust,,,,,,,,,,,,,,,,,,,,,,,,,
197,TRUE,Community Benefit Society (non-charitable),27/04/2019,27/02/2019,Yes,FALSE,FALSE,203,M21,Group,Community Land Trust,140,2023,0,0,0,0,84,0,14,0,0,0,42,0,0,0,140,0,0,0,0,0,0,140,
200,TRUE,Company Limited by Guarantee,21/08/2018,,,FALSE,FALSE,207,GL7,Build,Cohousing; Community Land Trust,32,,10,0,0,0,22,0,0,0,0,0,0,0,0,0,0,32,0,0,0,0,0,32,
659,TRUE,Company Limited by Guarantee,14/08/2018,,No,FALSE,FALSE,686,PL8,Plan,Community Land Trust,21,2022,0,0,0,0,0,0,16,0,3,0,2,0,0,0,21,0,0,0,0,0,0,21,
360,TRUE,Community Benefit Society (non-charitable),29/03/2017,,Yes,FALSE,FALSE,1283,BN18,Site,Community Land Trust,100,2022,0,0,0,0,0,0,75,0,0,0,25,0,0,0,100,0,0,0,0,0,0,100,
361,TRUE,Community Benefit Society (non-charitable),29/03/2017,,Yes,FALSE,FALSE,376,CB7,Site,Community Land Trust,30,,25,0,0,0,0,0,0,0,0,0,5,0,0,0,0,30,0,0,0,0,0,30,
362,TRUE,Community Benefit Society (charitable),28/09/2018,,Yes,FALSE,TRUE,377,E17,Site,Community Land Trust,38,2025,8,0,0,0,0,0,0,15,0,0,15,0,0,0,0,38,0,0,0,0,0,38,
80,TRUE,Community Benefit Society (non-charitable),18/09/2015,,No,FALSE,FALSE,83,DT9,Plan,Community Land Trust,6,2020,6,0,0,0,0,0,0,0,0,0,0,0,0,0,6,0,0,0,0,0,0,6,
82,TRUE,Community Benefit Society (non-charitable),29/03/2019,,,FALSE,FALSE,86,GL1,No Stage Selected,Community Land Trust,,,,,,,,,,,,,,,,,,,,,,,,,
87,FALSE,Not yet incorporated,,13/03/2019,,FALSE,FALSE,91,TR18,No Stage Selected,Community Land Trust,10,,0,0,0,0,0,0,0,0,0,0,0,0,10,5,5,0,0,0,0,0,0,10,
727,FALSE,Not yet incorporated,,,,FALSE,FALSE,757,,Concept,Community Land Trust,,,,,,,,,,,,,,,,,,,,,,,,,
729,TRUE,Registered Society (formerly known as Industrial and Provident Society),09/02/2011,,,FALSE,FALSE,759,BA6,No Stage Selected,Community Land Trust; Co-operative,,,,,,,,,,,,,,,,,,,,,,,,,
303,TRUE,Community Benefit Society (non-charitable),18/10/2018,,Yes,FALSE,FALSE,315,E16,Site,Community Land Trust,30,2025,15,0,0,0,0,0,0,0,6,0,9,0,0,0,0,30,0,0,0,0,0,30,
307,TRUE,Community Benefit Society (non-charitable),16/10/2017,,,FALSE,FALSE,319,CO1,Site,Community Land Trust,25,2024,15,0,0,0,0,0,0,0,0,0,10,0,0,0,0,25,0,0,0,0,0,25,
519,TRUE,Registered Society (formerly known as Industrial and Provident Society),17/12/2013,,,FALSE,FALSE,542,WD4,Concept,Community Land Trust,,,,,,,,,,,,,,,,,,,,,,,,,
523,TRUE,Community Benefit Society (non-charitable),01/01/2008,,Yes,FALSE,FALSE,546,HG5,Site,Community Land Trust,5,2022,0,0,0,0,0,0,0,0,0,0,0,0,5,0,0,5,0,0,0,0,0,5,
877,TRUE,Community Benefit Society (non-charitable),22/03/2016,,Yes,FALSE,FALSE,912,N15,Site,Community Land Trust,50,2026,50,0,0,0,0,0,0,0,0,0,0,0,0,0,0,50,0,0,0,0,0,50,
1363,FALSE,,,,No,FALSE,FALSE,1441,,Site,Community Land Trust,8,,0,0,0,0,0,0,0,0,0,0,8,0,0,0,0,8,0,0,0,0,0,8,
1367,FALSE,,,,No,FALSE,FALSE,1447,,No Stage Selected,Community Land Trust,4,,4,0,0,0,0,0,0,0,0,0,0,0,0,0,0,4,0,0,0,0,0,4,
1367,FALSE,,,,No,FALSE,FALSE,1446,,No Stage Selected,Community Land Trust,8,,0,0,0,0,0,0,0,0,0,0,8,0,0,0,0,8,0,0,0,0,0,8,
1367,FALSE,,,,No,FALSE,FALSE,1445,,Build,Community Land Trust,22,,11,0,0,0,0,0,0,11,0,0,0,0,0,0,0,22,0,0,0,0,0,22,
1367,FALSE,,,,No,FALSE,FALSE,1448,,No Stage Selected,Community Land Trust,60,,60,0,0,0,0,0,0,0,0,0,0,0,0,0,0,60,0,0,0,0,0,60,
881,TRUE,Company Limited by Guarantee,07/04/2008,,,FALSE,FALSE,402,PL26,Live,Community Land Trust,8,,2,0,6,0,0,0,0,0,0,0,0,0,0,0,0,8,0,0,0,0,0,8,
880,TRUE,Community Benefit Society (non-charitable),07/07/2015,,,FALSE,FALSE,400,SA62,Plan,Community Land Trust,120,,100,0,0,0,0,0,0,0,0,0,0,0,20,0,0,120,0,0,0,0,0,120,
1041,FALSE,Not yet incorporated,,,,FALSE,FALSE,1074,BN18,No Stage Selected,Community Land Trust,12,,9,0,0,0,0,0,0,0,0,0,3,0,0,0,0,12,0,0,0,0,0,12,
1043,TRUE,Registered Society (formerly known as Industrial and Provident Society),21/05/1991,,No,FALSE,FALSE,1429,W9,Live,Community Land Trust,,,,,,,,,,,,,,,,,,,,,,,,,
1043,TRUE,Registered Society (formerly known as Industrial and Provident Society),21/05/1991,,No,FALSE,FALSE,1076,W9,Live,Community Land Trust,43,2021,13,0,0,0,0,0,0,30,0,0,0,0,0,0,0,43,0,0,0,0,0,43,
1048,TRUE,Community Benefit Society (non-charitable),28/01/2019,,Yes,FALSE,FALSE,1081,CB25,Concept,Community Land Trust,60,2024,35,0,0,0,0,0,0,0,0,0,15,0,10,0,0,60,0,0,0,0,10,50,
914,TRUE,Community Benefit Society (non-charitable),07/04/2017,,,FALSE,FALSE,952,GL54,Site,Community Land Trust,10,,0,0,0,0,0,0,0,0,0,0,0,0,10,0,0,10,0,0,0,0,0,10,
915,TRUE,Community Benefit Society (non-charitable),23/08/2019,10/04/2019,,FALSE,FALSE,953,IP21,No Stage Selected,Community Land Trust,70,,0,0,0,0,0,0,0,0,0,0,0,0,70,0,70,0,0,0,0,0,0,70,
916,TRUE,Company Limited by Guarantee,01/11/2018,,,FALSE,FALSE,954,CB8,No Stage Selected,Community Land Trust,,,,,,,,,,,,,,,,,,,,,,,,,
917,TRUE,Registered Society (formerly known as Industrial and Provident Society),15/10/2012,,Yes,FALSE,FALSE,618,CB6,Live,Community Land Trust,75,2020,23,0,0,0,44,0,0,0,0,0,8,0,0,0,0,75,0,0,0,0,0,75,
917,TRUE,Registered Society (formerly known as Industrial and Provident Society),15/10/2012,,Yes,FALSE,FALSE,955,CB6,Plan,Community Land Trust,120,2023,31,0,0,0,0,0,0,0,0,0,5,0,84,0,0,120,0,0,0,0,0,120,
918,TRUE,Company Limited by Guarantee,12/12/2000,,,FALSE,FALSE,956,,No Stage Selected,Community Land Trust,,,,,,,,,,,,,,,,,,,,,,,,,
922,TRUE,Community Benefit Society (non-charitable),28/03/2018,,,FALSE,FALSE,960,GL11,Group,Community Land Trust,35,2023,15,0,0,0,0,0,0,0,0,0,20,0,0,0,0,35,0,0,0,0,0,35,
554,TRUE,Community Benefit Society (non-charitable),05/10/2018,,,FALSE,FALSE,577,IP16,Site,Community Land Trust,36,2023,36,0,0,0,0,0,0,0,0,0,0,0,0,0,0,36,0,0,0,0,0,36,
555,FALSE,Not yet incorporated,,,No,FALSE,FALSE,578,LS7,Live,Community Land Trust,2,,2,0,0,0,0,0,0,0,0,0,0,0,0,0,0,2,0,0,0,0,0,2,
556,TRUE,Community Benefit Society (non-charitable),14/08/2018,,Yes,FALSE,FALSE,579,BN7,Plan,Community Land Trust,10,2023,0,0,0,0,0,0,10,0,0,0,0,0,0,0,0,10,0,0,0,0,0,10,
827,FALSE,,,,,FALSE,FALSE,860,,Group,Community Land Trust,,,,,,,,,,,,,,,,,,,,,,,,,
829,FALSE,Not yet incorporated,,,,FALSE,FALSE,862,NN8,No Stage Selected,Community Land Trust,,,,,,,,,,,,,,,,,,,,,,,,,
830,TRUE,Community Benefit Society (non-charitable),28/03/2019,,Yes,FALSE,FALSE,863,LN5,Plan,Community Land Trust,3,2021,3,0,0,0,0,0,0,0,0,0,0,0,0,0,0,3,0,0,0,0,0,3,
833,TRUE,Community Benefit Society (non-charitable),19/01/2015,,No,FALSE,FALSE,866,SP5,Plan,Community Land Trust,11,2021,9,0,0,0,0,0,0,0,0,0,2,0,0,0,11,0,0,0,0,0,0,11,
1191,TRUE,Community Benefit Society (non-charitable),13/03/2020,12/08/2019,Yes,FALSE,FALSE,1231,BN15,Group,Community Land Trust,1,,0,0,0,0,0,0,0,0,0,0,0,0,1,0,0,1,0,0,0,0,0,1,
1203,FALSE,,25/09/2018,01/04/2017,Yes,FALSE,FALSE,1395,SN6,Concept,Community Land Trust,2,,2,0,0,0,0,0,0,0,0,0,0,0,0,0,0,2,0,0,0,0,0,2,
1206,FALSE,,,01/04/2017,Yes,FALSE,FALSE,1246,,Concept,Community Land Trust,8,,6,0,0,0,0,0,0,0,0,0,2,0,0,0,8,0,0,0,0,0,0,8,
1204,FALSE,,,,Yes,FALSE,FALSE,1244,,Group,Community Land Trust,4,,1,0,0,0,0,0,0,0,0,0,3,0,0,0,0,4,0,0,0,0,0,4,
1205,FALSE,,,,Yes,FALSE,FALSE,1245,,Group,Community Land Trust,13,,2,0,0,0,0,0,8,0,0,0,3,0,0,0,0,13,0,0,0,0,0,13,
1031,TRUE,Community Benefit Society (non-charitable),04/10/2015,,No,FALSE,FALSE,1064,EX15,Live,Community Land Trust,12,2015,12,0,0,0,0,0,0,0,0,0,0,0,0,0,12,0,0,0,0,0,0,12,
1033,TRUE,Registered Society (formerly known as Industrial and Provident Society),24/09/2012,,No,FALSE,FALSE,1066,DT2,Live,Community Land Trust,14,2015,12,0,0,0,0,0,0,0,0,2,0,0,0,0,14,0,0,0,0,0,0,14,
1289,FALSE,,,,Yes,FALSE,FALSE,1321,,Site,Community Land Trust,12,2025,0,0,0,0,0,0,0,0,0,0,12,0,0,0,0,12,0,0,0,0,0,12,
1290,FALSE,,,,Yes,FALSE,FALSE,1322,,Site,Community Land Trust,32,2025,0,0,0,0,0,0,0,0,0,0,0,0,32,0,0,32,0,0,0,0,0,32,
1291,FALSE,,,,Yes,FALSE,FALSE,1323,,Site,Community Land Trust,8,,4,0,0,0,0,0,0,4,0,0,0,0,0,0,0,8,0,0,0,0,0,8,
1297,FALSE,,,,Yes,FALSE,FALSE,1329,,Group,Community Land Trust,8,2025,0,0,0,0,0,0,0,0,0,0,0,0,8,0,0,8,0,0,0,0,0,8,
1298,FALSE,,,,Yes,FALSE,FALSE,1330,,Group,Community Land Trust,16,,0,0,0,0,0,0,0,0,0,0,0,0,16,0,0,16,0,0,0,0,0,16,
1323,FALSE,,,,Yes,FALSE,FALSE,1355,,Group,Community Land Trust,20,,4,0,0,0,0,0,0,6,0,0,10,0,0,0,0,20,0,0,0,0,0,20,
1324,FALSE,,,,,FALSE,FALSE,1416,GU24,Plan,Community Land Trust,30,2022,0,0,22,0,8,0,0,0,0,0,0,0,0,0,0,30,0,0,0,0,0,30,
1325,FALSE,,,,Yes,FALSE,FALSE,1365,DT2,Group,Community Land Trust,,,,,,,,,,,,,,,,,,,,,,,,,
1326,FALSE,,,,Yes,FALSE,FALSE,1366,DT11,Group,Community Land Trust,,,,,,,,,,,,,,,,,,,,,,,,,
887,TRUE,Company Limited by Guarantee,30/04/2007,,,FALSE,FALSE,921,TR2,Live,Community Land Trust,6,,6,0,0,0,0,0,0,0,0,0,0,0,0,0,0,6,0,0,0,6,0,0,
893,TRUE,Company Limited by Guarantee,20/12/2006,,,FALSE,FALSE,928,PL27,Live,Community Land Trust,24,,24,0,0,0,0,0,0,0,0,0,0,0,0,0,0,24,0,0,0,0,0,24,
885,TRUE,Community Benefit Society (non-charitable),30/06/2015,,,FALSE,FALSE,919,TR26,Site,Community Land Trust,6,,6,0,0,0,0,0,0,0,0,0,0,0,0,0,0,6,0,0,0,0,0,6,
1305,FALSE,,,,Yes,FALSE,FALSE,1337,,Group,Community Land Trust,15,,8,0,0,0,0,0,0,7,0,0,0,0,0,0,0,15,0,0,0,0,0,15,
1309,FALSE,,,,Yes,FALSE,FALSE,1341,,Group,Community Land Trust,32,2026,8,0,0,0,0,0,0,16,8,0,0,0,0,0,0,32,0,0,0,0,0,32,
561,FALSE,Not yet incorporated,,,,FALSE,FALSE,584,LN6,Plan,Community Land Trust,,,,,,,,,,,,,,,,,,,,,,,,,
565,TRUE,Community Benefit Society (non-charitable),13/08/2018,,,FALSE,FALSE,589,LN6,No Stage Selected,Community Land Trust,,,,,,,,,,,,,,,,,,,,,,,,,
120,TRUE,Community Benefit Society (non-charitable),11/05/2016,,No,FALSE,FALSE,126,DT8,Plan,Community Land Trust,15,2020,15,0,0,0,0,0,0,0,0,0,0,0,0,0,15,0,0,0,0,0,0,15,
125,TRUE,Community Benefit Society (non-charitable),22/05/2017,,Yes,FALSE,FALSE,131,LN8,Plan,Community Land Trust,4,2021,0,0,0,0,0,0,4,0,0,0,0,0,0,4,0,0,0,0,0,0,0,4,
1023,FALSE,,,,,FALSE,FALSE,1056,,No Stage Selected,Community Land Trust,,,,,,,,,,,,,,,,,,,,,,,,,
526,FALSE,Not yet incorporated,,,,FALSE,FALSE,549,CH7,Group,Community Land Trust,,,,,,,,,,,,,,,,,,,,,,,,,
536,TRUE,Community Benefit Society (non-charitable),29/03/2017,,No,FALSE,FALSE,558,BH19,Plan,Community Land Trust,10,2021,0,0,0,0,0,0,10,0,0,0,0,0,0,0,10,0,0,0,0,0,0,10,
537,TRUE,Community Interest Company,16/11/2018,,,FALSE,FALSE,559,TR15,No Stage Selected,Community Land Trust,,,,,,,,,,,,,,,,,,,,,,,,,
548,TRUE,Registered Society (formerly known as Industrial and Provident Society),20/01/2014,,No,FALSE,FALSE,1422,SE1,Live,Community Land Trust,40,2022,40,0,0,0,0,0,0,0,0,0,0,0,0,0,0,40,0,0,0,0,0,40,
548,TRUE,Registered Society (formerly known as Industrial and Provident Society),20/01/2014,,No,FALSE,FALSE,571,SE1,Live,Community Land Trust,27,,27,0,0,0,0,0,0,0,0,0,0,0,0,0,0,27,0,0,0,0,0,27,
553,TRUE,Community Benefit Society (non-charitable),19/11/2018,,Yes,FALSE,FALSE,576,LE1,Site,Community Land Trust,40,2022,0,0,12,0,0,0,0,0,0,0,0,0,28,0,0,40,0,0,0,0,0,40,
583,TRUE,Company Limited by Guarantee,20/08/2009,,Yes,TRUE,FALSE,605,CA10,Live,Community Land Trust,19,2012,10,0,0,0,9,0,0,0,0,0,0,0,0,0,0,19,0,0,0,0,0,19,
33,TRUE,Community Benefit Society (non-charitable),09/09/2015,01/07/2015,Yes,FALSE,FALSE,627,BN16,Plan,Community Land Trust,12,2021,0,0,0,0,0,0,12,0,0,0,0,0,0,0,12,0,0,0,0,0,0,12,
35,FALSE,Not yet incorporated,,,,FALSE,FALSE,34,,No Stage Selected,Community Land Trust,,,,,,,,,,,,,,,,,,,,,,,,,
36,TRUE,Company Limited by Guarantee,01/06/2009,,No,FALSE,FALSE,35,EX39,Live,Community Land Trust,9,2020,9,0,0,0,0,0,0,0,0,0,0,0,0,0,9,0,0,0,0,0,0,9,
202,FALSE,Not yet incorporated,,,,FALSE,FALSE,209,BN13,No Stage Selected,Community Land Trust,,,,,,,,,,,,,,,,,,,,,,,,,
206,TRUE,Company Limited by Guarantee,29/03/2012,,,FALSE,FALSE,213,CV35,Site,Community Land Trust,12,,0,0,0,0,0,0,0,0,0,0,0,0,12,0,12,0,0,0,0,0,0,12,
1414,TRUE,Community Benefit Society (non-charitable),12/06/2017,,,FALSE,FALSE,1494,SW16,No Stage Selected,Community Land Trust,,,,,,,,,,,,,,,,,,,,,,,,,
1415,TRUE,Community Benefit Society (non-charitable),12/11/2018,,,FALSE,FALSE,1495,YO21,No Stage Selected,Community Land Trust,,,,,,,,,,,,,,,,,,,,,,,,,
1416,TRUE,Community Benefit Society (non-charitable),10/05/2018,,,FALSE,FALSE,1496,CO10,No Stage Selected,Community Land Trust,,,,,,,,,,,,,,,,,,,,,,,,,
1417,TRUE,Community Benefit Society (non-charitable),03/03/2020,,,FALSE,FALSE,1497,SA62,No Stage Selected,Community Land Trust,,,,,,,,,,,,,,,,,,,,,,,,,
244,TRUE,Community Benefit Society (non-charitable),19/05/2017,,No,FALSE,FALSE,252,BH20,Plan,Community Land Trust,20,2021,0,0,0,0,4,0,16,0,0,0,0,0,0,0,20,0,0,0,0,0,0,20,
248,TRUE,Community Benefit Society (non-charitable),13/03/2007,,,TRUE,FALSE,1377,TR1,Live,Community Land Trust,18,2020,8,0,0,0,0,0,0,0,0,0,10,0,0,0,18,0,0,0,0,0,0,18,
910,TRUE,Company Limited by Guarantee,20/08/2014,,No,FALSE,FALSE,948,OX29,Live,Community Land Trust,14,,14,0,0,0,0,0,0,0,0,0,0,0,0,0,0,14,0,0,0,0,0,14,
908,TRUE,Community Benefit Society (non-charitable),22/11/2017,,,FALSE,FALSE,946,TQ9,Concept,Community Land Trust,,,,,,,,,,,,,,,,,,,,,,,,,
912,FALSE,Not yet incorporated,,,No,FALSE,FALSE,950,E3,No Stage Selected,Community Land Trust,,,,,,,,,,,,,,,,,,,,,,,,,
544,TRUE,Community Benefit Society (non-charitable),05/11/2018,,,FALSE,FALSE,567,CO10,Live,Community Land Trust,18,2018,18,0,0,0,0,0,0,0,0,0,0,0,0,0,0,18,0,0,0,0,0,18,
566,TRUE,Registered Society (formerly known as Industrial and Provident Society),16/01/2009,,,FALSE,FALSE,590,SY21,No Stage Selected,Community Land Trust,,,,,,,,,,,,,,,,,,,,,,,,,
581,TRUE,Company Limited by Guarantee,23/01/2014,01/09/2013,No,FALSE,FALSE,391,DT7,Live,Community Land Trust,15,2018,15,0,0,0,0,0,0,0,0,0,0,0,0,0,15,0,0,0,0,15,0,0,
1132,TRUE,Community Benefit Society (non-charitable),01/05/2019,07/02/2019,Yes,FALSE,FALSE,386,TN17,Concept,Community Land Trust,8,2022,0,0,0,0,0,0,0,0,0,0,0,0,8,0,8,0,0,0,0,0,0,8,
936,TRUE,Company Limited by Guarantee,23/12/2013,,Yes,FALSE,FALSE,1376,CB25,Concept,Community Land Trust,,,,,,,,,,,,,,,,,,,,,,,,,
935,TRUE,Community Benefit Society (non-charitable),12/06/2017,,Yes,FALSE,FALSE,973,CB25,Site,Community Land Trust,50,,20,0,0,0,30,0,0,0,0,0,0,0,0,0,0,50,0,0,0,0,0,50,
1015,TRUE,Community Benefit Society (non-charitable),11/04/2017,,,FALSE,FALSE,1048,TR1,No Stage Selected,Community Land Trust,,,,,,,,,,,,,,,,,,,,,,,,,
791,TRUE,Company Limited by Guarantee,26/03/1997,,,FALSE,FALSE,823,CB10,No Stage Selected,Community Land Trust,,,,,,,,,,,,,,,,,,,,,,,,,
1051,TRUE,Registered Society (formerly known as Industrial and Provident Society),18/01/2002,,,TRUE,FALSE,1156,WS1,Group,Community Land Trust,107,2022,64,0,0,0,0,0,43,0,0,0,0,0,0,0,0,107,0,0,0,0,0,107,
1055,TRUE,Community Benefit Society (non-charitable),01/05/2018,,Yes,FALSE,FALSE,1088,CW9,Group,Community Land Trust,,,,,,,,,,,,,,,,,,,,,,,,,
1166,FALSE,,,,,FALSE,FALSE,1206,SN8,Concept,Community Land Trust,10,,10,0,0,0,0,0,0,0,0,0,0,0,0,0,10,0,0,0,0,0,0,10,
1167,TRUE,Company Limited by Guarantee,,,Yes,FALSE,TRUE,1207,CB22,Plan,Community Land Trust,21,2021,21,0,0,0,0,0,0,0,0,0,0,0,0,0,21,0,0,0,0,0,0,21,
1175,FALSE,,,,,FALSE,FALSE,1215,SN12,Group,Community Land Trust,10,,10,0,0,0,0,0,0,0,0,0,0,0,0,0,10,0,0,0,0,0,0,10,
1168,FALSE,Not yet incorporated,,,,FALSE,FALSE,1208,LN11,Plan,Community Land Trust,6,,4,0,0,0,0,0,0,0,0,0,2,0,0,0,0,6,0,0,0,0,0,6,
1170,FALSE,Not yet incorporated,,,,FALSE,FALSE,1210,CB2,Site,Community Land Trust,5,,0,0,0,0,0,0,0,0,0,0,0,0,5,5,0,0,0,0,0,0,0,5,
1171,FALSE,,,,,FALSE,FALSE,1211,SP3,Group,Community Land Trust,10,,10,0,0,0,0,0,0,0,0,0,0,0,0,0,10,0,0,0,0,0,0,10,
1172,TRUE,Community Benefit Society (non-charitable),08/11/2018,,,FALSE,FALSE,1212,,Build,Community Land Trust,20,,20,0,0,0,0,0,0,0,0,0,0,0,0,0,20,0,0,0,0,0,0,20,
1173,FALSE,,,,,FALSE,FALSE,1213,,Site,Community Land Trust,9,,9,0,0,0,0,0,0,0,0,0,0,0,0,9,0,0,0,0,0,0,0,9,
792,TRUE,Community Benefit Society (charitable),23/10/2018,,No,FALSE,TRUE,824,TQ8,Plan,Community Land Trust,20,2022,0,0,0,0,0,0,20,0,0,0,0,0,0,0,20,0,0,0,0,0,0,20,
794,TRUE,Community Benefit Society (non-charitable),09/01/2018,,No,FALSE,FALSE,826,EX16,Plan,Community Land Trust,10,,10,0,0,0,0,0,0,0,0,0,0,0,0,0,10,0,0,0,0,0,0,10,
933,TRUE,Registered Society (formerly known as Industrial and Provident Society),31/12/2013,,Yes,FALSE,FALSE,971,CA3,Site,Community Land Trust,,,,,,,,,,,,,,,,,,,,,,,,,
248,TRUE,Community Benefit Society (non-charitable),13/03/2007,,,TRUE,FALSE,136,TR1,Live,Community Land Trust,24,,0,0,13,0,0,0,5,0,0,0,6,0,0,0,0,24,0,0,0,0,0,24,
248,TRUE,Community Benefit Society (non-charitable),13/03/2007,,,TRUE,FALSE,206,TR1,Live,Community Land Trust,2,,0,0,2,0,0,0,0,0,0,0,0,0,0,0,0,2,0,0,0,0,0,2,
248,TRUE,Community Benefit Society (non-charitable),13/03/2007,,,TRUE,FALSE,244,TR1,Live,Community Land Trust,7,,7,0,0,0,0,0,0,0,0,0,0,0,0,0,0,7,0,0,0,0,0,7,
248,TRUE,Community Benefit Society (non-charitable),13/03/2007,,,TRUE,FALSE,289,TR1,Live,Community Land Trust,8,,2,0,6,0,0,0,0,0,0,0,0,0,0,0,0,8,0,0,0,0,0,8,
248,TRUE,Community Benefit Society (non-charitable),13/03/2007,,,TRUE,FALSE,730,TR1,Live,Community Land Trust,18,,9,0,9,0,0,0,0,0,0,0,0,0,0,0,0,18,0,0,0,18,0,0,
248,TRUE,Community Benefit Society (non-charitable),13/03/2007,,,TRUE,FALSE,105,TR1,Live,Community Land Trust,16,,6,0,10,0,0,0,0,0,0,0,0,0,0,0,0,16,0,0,0,0,0,16,
248,TRUE,Community Benefit Society (non-charitable),13/03/2007,,,TRUE,FALSE,732,TR1,Live,Community Land Trust,16,,8,0,0,0,0,0,0,0,0,0,8,0,0,0,0,16,0,0,0,16,0,0,
248,TRUE,Community Benefit Society (non-charitable),13/03/2007,,,TRUE,FALSE,745,TR1,Live,Community Land Trust,13,,7,0,6,0,0,0,0,0,0,0,0,0,0,0,0,13,0,0,0,13,0,0,
958,TRUE,Registered Society (formerly known as Industrial and Provident Society),16/05/2007,01/01/2019,Yes,FALSE,FALSE,1475,SY9,Live,Community Land Trust,2,2012,2,,,,,,,,,,,,,,,,,,,,,,
958,TRUE,Registered Society (formerly known as Industrial and Provident Society),16/05/2007,01/01/2019,Yes,FALSE,FALSE,82,,Plan,Community Land Trust,32,,32,0,0,0,0,0,0,0,0,0,0,0,0,0,32,0,0,0,0,0,0,32,
959,TRUE,Registered Society - formerly known as Industrial and Provident Society,15/01/1998,,Yes,FALSE,FALSE,161,LS6,Group,Community Land Trust,40,2023,0,0,0,0,0,0,40,0,0,0,0,0,0,0,0,40,0,0,0,0,0,40,
467,TRUE,Community Interest Company,11/04/2012,,,FALSE,FALSE,489,L2,Plan,Community Land Trust,26,,0,0,0,0,0,0,0,0,0,0,0,0,26,0,0,26,0,0,0,0,0,26,
471,FALSE,Not yet incorporated,,,Yes,FALSE,FALSE,493,KT12,Group,Community Land Trust,20,2024,0,0,0,0,0,0,0,0,0,0,0,0,20,0,0,20,0,0,0,0,0,20,
472,TRUE,Company Limited by Guarantee,04/10/2016,,No,FALSE,FALSE,494,SW16,Concept,Community Land Trust,,,,,,,,,,,,,,,,,,,,,,,,,
473,TRUE,Community Benefit Society (non-charitable),12/07/2018,,Yes,FALSE,FALSE,495,LA12,Site,Community Land Trust,23,,23,0,0,0,0,0,0,0,0,0,0,0,0,0,0,23,0,0,0,0,0,23,
474,TRUE,Registered Society (formerly known as Industrial and Provident Society),06/12/2007,,,TRUE,FALSE,496,NR23,Live,Community Land Trust,12,,12,0,0,0,0,0,0,0,0,0,0,0,0,0,0,12,0,0,0,0,0,12,
248,TRUE,Community Benefit Society (non-charitable),13/03/2007,,,TRUE,FALSE,796,TR1,Live,Community Land Trust,4,,3,0,1,0,0,0,0,0,0,0,0,0,0,0,0,4,0,0,0,4,0,0,
1280,TRUE,Community Benefit Society,03/12/2019,,No,FALSE,FALSE,1294,,Site,Community Land Trust,18,2022,18,0,0,0,0,0,0,0,0,0,0,0,0,0,18,0,0,0,0,0,0,18,
1281,FALSE,,,,No,FALSE,FALSE,1295,,Group,Community Land Trust,15,2022,15,0,0,0,0,0,0,0,0,0,0,0,0,0,15,0,0,0,0,0,0,15,
1282,FALSE,,,,No,FALSE,FALSE,1296,,Group,Community Land Trust,10,2022,10,0,0,0,0,0,0,0,0,0,0,0,0,0,10,0,0,0,0,0,0,10,
718,TRUE,Community Benefit Society (non-charitable),20/06/2017,,,FALSE,FALSE,748,GU32,Concept,Community Land Trust,3,2021,0,0,0,0,0,0,0,0,0,0,0,0,3,0,0,3,0,0,0,0,0,3,
720,FALSE,,15/11/2019,01/02/2019,Yes,FALSE,FALSE,750,SN9,Concept,Community Land Trust,10,2023,0,0,0,0,0,0,0,0,0,0,0,0,10,1,9,0,0,0,0,0,0,10,
723,TRUE,Community Benefit Society (non-charitable),01/08/2016,,No,FALSE,FALSE,753,BS20,Plan,Community Land Trust,15,2022,0,0,0,0,0,0,15,0,0,0,0,0,0,0,15,0,0,0,0,0,0,15,
402,TRUE,Registered Society (formerly known as Industrial and Provident Society),03/10/2006,,,FALSE,FALSE,422,CM77,No Stage Selected,Community Land Trust,,,,,,,,,,,,,,,,,,,,,,,,,
460,TRUE,Company Limited by Guarantee,03/04/2005,,,FALSE,FALSE,481,EX19,Live,Community Land Trust,15,,0,0,0,0,0,0,2,0,0,13,0,0,0,0,0,15,0,0,0,0,0,15,
463,TRUE,Company Limited by Guarantee,18/12/2008,,No,FALSE,FALSE,485,TD15,Group,Community Land Trust,0,,0,0,0,0,0,0,0,0,0,0,0,0,0,0,0,0,0,0,0,0,0,0,
463,TRUE,Company Limited by Guarantee,18/12/2008,,No,FALSE,FALSE,484,TD15,Live,Community Land Trust,11,,11,0,0,0,0,0,0,0,0,0,0,0,0,0,0,11,0,0,0,0,0,11,
769,TRUE,Community Benefit Society (non-charitable),10/03/2014,,Yes,FALSE,FALSE,801,BN8,Site,Community Land Trust,16,2021,0,0,0,0,0,0,0,0,0,0,0,0,16,0,16,0,0,0,0,0,0,16,
608,TRUE,Community Benefit Society (non-charitable),19/11/2019,,,FALSE,FALSE,633,IP14,Concept,Community Land Trust,,,,,,,,,,,,,,,,,,,,,,,,,
406,FALSE,,15/10/2003,,Yes,FALSE,FALSE,1298,SW18,Group,Community Land Trust,10,2025,0,0,0,0,0,0,0,0,0,0,0,0,10,0,0,10,0,0,0,0,0,10,
408,FALSE,Not yet incorporated,,,Yes,FALSE,FALSE,428,GU4,Group,Community Land Trust,20,2024,0,0,0,0,0,0,0,0,0,0,0,0,20,0,0,20,0,0,0,0,0,20,
410,FALSE,Not yet incorporated,,,,FALSE,FALSE,430,TR16,Concept,Community Land Trust,,,,,,,,,,,,,,,,,,,,,,,,,
884,TRUE,Company Limited by Guarantee,10/06/2013,,,FALSE,FALSE,918,PL26,Live,Community Land Trust,5,2017,5,0,0,0,0,0,0,0,0,0,0,0,0,0,0,5,0,0,0,0,0,5,
936,TRUE,Company Limited by Guarantee,23/12/2013,,Yes,FALSE,FALSE,974,CB25,Live,Community Land Trust,20,2017,8,0,0,0,12,0,0,0,0,0,0,0,0,0,0,20,0,0,0,0,0,20,
1286,FALSE,,,,Yes,FALSE,FALSE,1318,,Site,Community Land Trust,32,2025,0,0,0,0,0,0,0,16,0,0,16,0,0,0,0,32,0,0,0,0,0,32,
332,TRUE,Community Benefit Society (charitable),16/08/2018,01/01/2017,Yes,FALSE,TRUE,346,PO10,Site,Community Land Trust,20,2023,20,0,0,0,0,0,0,0,0,0,0,0,0,10,10,0,0,0,0,0,0,20,
333,FALSE,Not yet incorporated,,,,FALSE,FALSE,347,LN1,No Stage Selected,Community Land Trust,,,,,,,,,,,,,,,,,,,,,,,,,
940,TRUE,Registered Society (formerly known as Industrial and Provident Society),13/07/2009,,No,FALSE,FALSE,978,DT6,Live,Community Land Trust,10,2015,8,0,0,0,0,0,0,0,0,0,2,0,0,0,10,0,0,0,0,0,0,10,
952,TRUE,Community Benefit Society (non-charitable),04/02/2020,14/08/2018,,FALSE,FALSE,991,SA66,No Stage Selected,Community Land Trust,50,,0,0,0,0,0,0,0,0,0,0,0,0,50,50,0,0,0,0,0,0,0,50,
960,FALSE,Not yet incorporated,,,,FALSE,FALSE,997,LL13,Site,Community Land Trust,9,,0,0,0,0,0,0,0,0,0,0,0,0,9,0,0,9,0,0,0,0,0,9,
1279,FALSE,,,,No,FALSE,FALSE,1293,,Group,Community Land Trust,15,2022,15,0,0,0,0,0,0,0,0,0,0,0,0,0,15,0,0,0,0,0,0,15,
963,TRUE,Company Limited by Guarantee,06/06/1996,,Yes,FALSE,FALSE,403,NE71,Live,Community Land Trust,20,2014,20,0,0,0,0,0,0,0,0,0,0,0,0,0,0,18,0,0,0,0,0,20,
987,TRUE,Registered Society (formerly known as Industrial and Provident Society),08/08/2012,,No,FALSE,FALSE,1035,DT2,Live,Community Land Trust,6,2015,6,0,0,0,0,0,0,0,0,0,0,0,0,0,6,0,0,0,0,0,0,6,
835,TRUE,Registered Society (formerly known as Industrial and Provident Society),07/06/2018,,Yes,FALSE,FALSE,869,RH17,Site,Community Land Trust,15,2022,8,0,0,0,0,0,0,0,0,0,7,0,0,0,15,0,0,0,0,0,0,15,
836,TRUE,Community Benefit Society (non-charitable),05/04/2019,,Yes,FALSE,FALSE,870,BN18,Site,Community Land Trust,10,2022,0,0,0,0,0,0,10,0,0,0,0,0,0,0,0,10,0,0,0,0,0,10,
842,TRUE,Registered Society (formerly known as Industrial and Provident Society),29/07/2009,,,FALSE,FALSE,876,TA1,Live,Community Land Trust,4,,4,0,0,0,0,0,0,0,0,0,0,0,0,0,0,4,0,0,0,0,0,4,
843,TRUE,Registered Society (formerly known as Industrial and Provident Society),06/06/2011,,,FALSE,FALSE,877,BA6,No Stage Selected,Community Land Trust,,,,,,,,,,,,,,,,,,,,,,,,,
130,FALSE,Not yet incorporated,,01/01/2008,Yes,FALSE,FALSE,137,MK18,Group,Community Land Trust,100,2028,0,0,0,0,0,0,0,0,0,0,0,0,100,0,100,0,0,0,0,0,0,100,
131,TRUE,Company Limited by Guarantee,11/04/2007,,,FALSE,FALSE,138,DT1,Build,Community Land Trust,10,,5,0,0,0,0,0,0,0,0,0,0,0,5,0,0,10,0,0,0,0,0,10,
903,TRUE,Community Benefit Society (non-charitable),05/04/2019,,Yes,FALSE,FALSE,942,GU31,Concept,Community Land Trust,,,,,,,,,,,,,,,,,,,,,,,,,
991,TRUE,Company Limited by Guarantee,27/04/2007,,,FALSE,FALSE,1019,DY12,No Stage Selected,Community Land Trust,,,,,,,,,,,,,,,,,,,,,,,,,
510,TRUE,Community Benefit Society (non-charitable),04/11/2016,,Yes,FALSE,FALSE,533,CB8,Plan,Community Land Trust,500,2030,123,0,0,0,350,0,0,0,0,0,27,0,0,0,0,500,0,0,0,0,0,500,
513,TRUE,Registered Society (formerly known as Industrial and Provident Society),17/12/2010,,Yes,TRUE,FALSE,53,CA12,Live,Community Land Trust,4,,4,0,0,0,0,0,0,0,0,0,0,0,0,0,0,4,0,0,0,0,0,4,
513,TRUE,Registered Society (formerly known as Industrial and Provident Society),17/12/2010,,Yes,TRUE,FALSE,149,CA12,Live,Community Land Trust,22,,11,0,0,0,0,0,0,0,0,0,11,0,0,0,0,22,0,0,0,0,0,22,
513,TRUE,Registered Society (formerly known as Industrial and Provident Society),17/12/2010,,Yes,TRUE,FALSE,1002,CA12,Live,Community Land Trust,11,,5,0,0,0,1,0,0,0,0,0,5,0,0,0,0,11,0,0,0,0,0,11,
1156,FALSE,,,,,FALSE,FALSE,1198,,Plan,Community Land Trust,7,,7,0,0,0,0,0,0,0,0,0,0,0,0,0,0,7,0,0,0,0,0,7,
997,TRUE,Registered Society (formerly known as Industrial and Provident Society),25/06/2014,,Yes,FALSE,FALSE,1028,CB7,Live,Community Land Trust,13,,6,0,0,0,5,0,0,0,0,0,2,0,0,0,0,13,0,0,0,0,0,13,
237,TRUE,Community Interest Company,06/03/2012,,Yes,FALSE,FALSE,245,LA21,No Stage Selected,Community Land Trust,,,,,,,,,,,,,,,,,,,,,,,,,
238,TRUE,Company Limited by Guarantee,01/04/2016,,,FALSE,FALSE,246,TR11,Site,Community Land Trust,8,,0,0,0,0,0,0,0,0,0,0,0,0,8,0,0,8,0,0,0,0,0,8,
240,FALSE,Not yet incorporated,,,,FALSE,FALSE,248,DY10,Concept,Community Land Trust,,,,,,,,,,,,,,,,,,,,,,,,,
1162,FALSE,,02/07/2009,,,FALSE,FALSE,1203,,Plan,Community Land Trust,10,,0,0,0,0,0,0,0,0,0,0,0,0,10,0,10,0,0,0,0,0,0,10,
1164,FALSE,Not yet incorporated,,,,FALSE,FALSE,1196,IP23,Plan,Community Land Trust,,,,,,,,,,,,,,,,,,,,,,,,,
1165,TRUE,Community Benefit Society (non-charitable),01/01/2014,,,FALSE,FALSE,1205,GL1,Build,Community Land Trust,5,,0,0,0,0,0,0,3,0,0,2,0,0,0,0,5,0,0,0,0,0,0,5,
136,TRUE,Community Benefit Society (non-charitable),28/08/2018,,No,FALSE,FALSE,142,DT6,Site,Community Land Trust,15,2022,15,0,0,0,0,0,0,0,0,0,0,0,0,0,15,0,0,0,0,0,0,15,
137,FALSE,Not yet incorporated,,,,FALSE,FALSE,143,LA6,Concept,Community Land Trust,15,2022,0,0,0,0,0,0,0,0,0,0,0,0,15,0,0,15,0,0,0,0,0,15,
135,FALSE,Not yet incorporated,,,,FALSE,FALSE,141,ST6,No Stage Selected,Community Land Trust,,,,,,,,,,,,,,,,,,,,,,,,,
747,TRUE,Community Benefit Society (non-charitable),20/11/2018,,Yes,FALSE,FALSE,778,RH20,Concept,Community Land Trust,20,2022,0,0,0,0,0,0,0,0,0,0,0,0,20,0,12,8,0,0,0,0,0,20,
748,FALSE,Not yet incorporated,,,Yes,FALSE,FALSE,779,GU3,Plan,Community Land Trust,4,2023,4,0,0,0,0,0,0,0,0,0,0,0,0,0,0,4,0,0,0,0,0,4,
257,TRUE,Community Benefit Society (non-charitable),15/04/2016,,,FALSE,FALSE,265,BA5,No Stage Selected,Community Land Trust,,,,,,,,,,,,,,,,,,,,,,,,,
431,TRUE,Not yet incorporated,04/10/2019,,Yes,FALSE,FALSE,451,TN34,Group,Cohousing; Community Land Trust,15,,0,0,0,0,0,0,0,0,0,0,0,0,15,0,0,15,0,0,0,0,0,15,
431,TRUE,Not yet incorporated,04/10/2019,,Yes,FALSE,FALSE,452,TN34,Site,Cohousing; Community Land Trust,16,2023,0,0,0,0,0,0,6,0,0,0,10,0,0,0,16,0,0,0,0,0,0,16,
1239,FALSE,,,,Yes,FALSE,FALSE,1276,,Concept,Community Land Trust,20,2023,0,0,0,0,0,0,0,0,0,0,0,0,20,0,0,20,0,0,0,0,0,20,
1241,FALSE,,,,Yes,FALSE,FALSE,1278,OL1,Plan,Community Land Trust,30,2025,15,0,0,0,0,0,0,0,0,0,0,0,15,0,0,30,0,0,0,0,0,30,
1242,FALSE,,,,Yes,FALSE,FALSE,1279,,Concept,Community Land Trust,18,2025,0,0,0,0,0,0,0,0,0,0,0,0,18,0,0,18,0,0,0,0,0,18,
985,TRUE,Community Benefit Society (non-charitable),18/04/2017,15/01/2016,Yes,FALSE,FALSE,987,CH3,Plan,Community Land Trust,4,2021,0,0,0,0,0,0,4,0,0,0,0,0,0,0,4,0,0,0,0,4,0,0,
489,TRUE,Registered Society (formerly known as Industrial and Provident Society),12/12/2013,,,FALSE,FALSE,512,CO2,Group,Community Land Trust,30,,30,0,0,0,0,0,0,0,0,0,0,0,0,0,0,30,0,0,0,0,0,30,
490,TRUE,Community Benefit Society (non-charitable),30/04/2017,,Yes,FALSE,FALSE,513,TN36,Plan,Community Land Trust,15,2021,12,0,0,0,0,0,0,0,0,0,3,0,0,0,0,15,0,0,0,0,0,15,
752,FALSE,Not yet incorporated,,,,FALSE,FALSE,783,PL10,Group,Community Land Trust,,,,,,,,,,,,,,,,,,,,,,,,,
139,TRUE,Community Benefit Society (non-charitable),20/08/2018,,Yes,FALSE,FALSE,145,LN7,Plan,Community Land Trust,5,2021,0,0,0,0,0,0,0,0,0,0,0,5,0,0,5,0,0,0,0,0,0,5,
140,TRUE,Community Benefit Society (non-charitable),14/11/2014,,Yes,TRUE,FALSE,146,HX7,Live,Community Land Trust,4,2020,4,0,0,0,0,0,0,0,0,0,0,0,0,0,4,0,0,0,0,4,0,0,
141,TRUE,Community Interest Company,23/10/2012,,,FALSE,FALSE,147,SA19,No Stage Selected,Community Land Trust,,,,,,,,,,,,,,,,,,,,,,,,,
142,FALSE,Not yet incorporated,,,,FALSE,FALSE,148,,No Stage Selected,Community Land Trust,,,,,,,,,,,,,,,,,,,,,,,,,
143,FALSE,Not yet incorporated,,,,FALSE,FALSE,150,CB1,No Stage Selected,Community Land Trust,,,,,,,,,,,,,,,,,,,,,,,,,
144,TRUE,Community Benefit Society (non-charitable),30/05/2016,,Yes,FALSE,FALSE,151,CB4,Site,Community Land Trust,50,,20,0,0,0,30,0,0,0,0,0,0,0,0,0,0,50,0,0,0,0,0,50,
248,TRUE,Community Benefit Society (non-charitable),13/03/2007,,,TRUE,FALSE,312,TR1,Build,Community Land Trust,18,,0,0,0,0,0,0,0,0,0,0,0,0,18,0,0,18,0,0,0,0,0,18,
252,TRUE,Community Benefit Society (non-charitable),25/04/2018,,Yes,FALSE,FALSE,259,CB24,Site,Community Land Trust,90,2024,50,0,0,0,18,0,0,0,0,0,22,0,0,0,0,90,0,0,0,0,0,90,
433,TRUE,Community Benefit Society (non-charitable),13/10/2016,,,FALSE,FALSE,454,M8,Concept,Community Land Trust; Self-help,,,,,,,,,,,,,,,,,,,,,,,,,
436,TRUE,Community Benefit Society (non-charitable),17/07/2017,,Yes,FALSE,FALSE,1197,TN34,Plan,Community Land Trust,63,,63,0,0,0,0,0,0,0,0,0,0,0,0,0,0,63,0,0,0,0,0,63,
231,FALSE,Not yet incorporated,,,,FALSE,FALSE,238,NE1,Site,Community Land Trust,,,,,,,,,,,,,,,,,,,,,,,,,
436,TRUE,Community Benefit Society (non-charitable),17/07/2017,,Yes,FALSE,FALSE,457,TN34,Concept,Community Land Trust,80,,0,0,0,0,0,0,0,0,0,0,0,0,80,0,0,80,0,0,0,0,0,80,
449,FALSE,Not yet incorporated,,,No,FALSE,FALSE,470,HD8,No Stage Selected,Community Land Trust,,,,,,,,,,,,,,,,,,,,,,,,,
450,TRUE,Community Benefit Society (non-charitable),24/12/2018,,No,FALSE,FALSE,471,TA10,Plan,Community Land Trust,6,2021,6,0,0,0,0,0,0,0,0,0,0,0,0,0,6,0,0,0,0,0,0,6,
448,TRUE,Registered Society (formerly known as Industrial and Provident Society),09/07/2004,,,FALSE,FALSE,469,EX37,Live,Community Land Trust,39,,0,0,0,0,23,0,0,0,0,0,16,0,0,0,0,39,0,0,0,0,0,39,
1207,FALSE,,,01/07/2019,Yes,FALSE,FALSE,1247,,Group,Community Land Trust,10,,3,0,0,0,0,0,0,0,0,0,7,0,0,0,0,10,0,0,0,0,0,10,
339,TRUE,Community Benefit Society (non-charitable),07/03/2016,,,FALSE,FALSE,353,EX3,No Stage Selected,Community Land Trust,,,,,,,,,,,,,,,,,,,,,,,,,
340,TRUE,Company Limited by Guarantee,11/12/2012,,,FALSE,FALSE,354,TR4,No Stage Selected,Community Land Trust,,,,,,,,,,,,,,,,,,,,,,,,,
347,TRUE,Community Benefit Society (non-charitable),07/05/2019,,Yes,FALSE,FALSE,361,ME13,Concept,Community Land Trust,14,,0,0,0,0,0,0,0,0,0,0,0,0,14,0,14,0,0,0,0,0,0,14,
573,TRUE,Community Benefit Society (non-charitable),18/03/2020,,,FALSE,FALSE,596,GL17,Concept,Community Land Trust,,,,,,,,,,,,,,,,,,,,,,,,,
576,TRUE,Community Benefit Society (non-charitable),22/11/2018,,,FALSE,FALSE,599,NR31,Site,Community Land Trust,25,,20,0,0,0,5,0,0,0,0,0,0,0,0,0,0,25,0,0,0,0,0,25,
578,TRUE,Community Benefit Society (non-charitable),08/02/2018,,Yes,FALSE,FALSE,602,LA2,Plan,Community Land Trust,20,2021,20,0,0,0,0,0,0,0,0,0,0,0,0,0,0,20,0,0,0,0,0,20,
580,TRUE,Company Limited by Guarantee,14/12/2010,,,FALSE,FALSE,70,PL30,Live,Community Land Trust,10,,0,0,10,0,0,0,0,0,0,0,0,0,0,0,0,10,0,0,0,0,0,10,
623,TRUE,Community Interest Company,29/05/2019,18/04/2018,No,FALSE,FALSE,648,MK3,Concept,Community Land Trust,150,2023,0,0,0,0,0,0,150,0,0,0,0,0,0,0,0,150,0,0,0,0,0,150,
1176,FALSE,Not yet incorporated,,,,FALSE,FALSE,1216,OX15,Group,Community Land Trust,10,,10,0,0,0,0,0,0,0,0,0,0,0,0,0,10,0,0,0,0,0,0,10,
1177,FALSE,Not yet incorporated,,,,FALSE,FALSE,1217,TA7,Group,Community Land Trust,10,,10,0,0,0,0,0,0,0,0,0,0,0,0,0,10,0,0,0,0,0,0,10,
1178,TRUE,Company Limited by Guarantee,01/01/1914,,,FALSE,TRUE,1218,CB24,Site,Community Land Trust,,,,,,,,,,,,,,,,,,,,,,,,,
1180,FALSE,,,,,FALSE,FALSE,1220,,Build,Community Land Trust,50,,40,0,0,0,10,0,0,0,0,0,0,0,0,0,50,0,0,0,0,0,0,50,
1218,FALSE,,,,Yes,FALSE,FALSE,1254,NE8,Plan,Community Land Trust,20,,20,0,0,0,0,0,0,0,0,0,0,0,0,0,0,20,0,0,0,0,0,20,
1183,FALSE,Not yet incorporated,,,,FALSE,FALSE,1223,MK18,No Stage Selected,Community Land Trust,,,,,,,,,,,,,,,,,,,,,,,,,
1184,FALSE,Not yet incorporated,,,No,FALSE,FALSE,1224,EX34,Plan,Community Land Trust,20,2022,0,0,0,0,0,0,20,0,0,0,0,0,0,0,20,0,0,0,0,0,0,20,
1185,TRUE,Community Benefit Society (non-charitable),14/07/2018,,No,FALSE,FALSE,1225,EX31,Plan,Community Land Trust,6,2021,6,0,0,0,0,0,0,0,0,0,0,0,0,0,6,0,0,0,0,0,0,6,
1181,FALSE,,,,,FALSE,FALSE,1221,SP3,Group,Community Land Trust,10,,10,0,0,0,0,0,0,0,0,0,0,0,0,0,10,0,0,0,0,0,0,10,
778,TRUE,Community Benefit Society (non-charitable),24/05/2019,,Yes,FALSE,FALSE,810,E3,Site,Community Land Trust,40,,8,0,0,0,0,0,0,12,0,0,20,0,0,0,0,40,0,0,0,0,0,40,
786,TRUE,Registered Society (formerly known as Industrial and Provident Society),12/02/2009,,Yes,FALSE,FALSE,818,SE23,Plan,Community Land Trust,33,2022,8,0,0,0,0,0,5,0,0,14,6,0,0,0,0,33,0,0,0,0,0,33,
309,TRUE,Community Benefit Society (non-charitable),26/05/2015,,,FALSE,FALSE,321,BA22,No Stage Selected,Community Land Trust,,,,,,,,,,,,,,,,,,,,,,,,,
311,TRUE,Community Benefit Society (non-charitable),02/05/2019,,Yes,FALSE,FALSE,323,BN8,Site,Community Land Trust,29,2023,0,0,0,0,1,0,11,0,0,0,0,0,17,0,0,29,0,0,0,0,0,29,
312,FALSE,Not yet incorporated,,,Yes,FALSE,FALSE,324,DN37,Concept,Community Land Trust,,,,,,,,,,,,,,,,,,,,,,,,,
315,TRUE,Community Benefit Society (charitable),11/12/2018,,Yes,FALSE,TRUE,327,BN21,Concept,Community Land Trust,,,,,,,,,,,,,,,,,,,,,,,,,
317,TRUE,Community Benefit Society (non-charitable),03/11/2016,,,FALSE,FALSE,329,GL10,Build,Community Land Trust,23,,0,0,0,0,0,0,0,0,0,0,0,0,23,0,0,23,0,0,0,0,0,23,
318,TRUE,Community Benefit Society (non-charitable),24/04/2019,,,FALSE,FALSE,330,NR9,No Stage Selected,Community Land Trust,,,,,,,,,,,,,,,,,,,,,,,,,
319,FALSE,Not yet incorporated,,,Yes,FALSE,FALSE,331,RG20,Concept,Community Land Trust,12,2024,6,0,0,0,0,0,6,0,0,0,0,0,0,0,12,0,0,0,0,0,0,12,
425,TRUE,Community Interest Company,02/10/2012,,,FALSE,FALSE,444,TQ9,Site,Community Land Trust,12,,0,0,0,0,0,0,0,0,0,0,0,0,12,0,0,12,0,0,0,0,0,12,
426,TRUE,Community Benefit Society (non-charitable),09/04/2018,,Yes,FALSE,FALSE,446,HG2,Site,Community Land Trust,,,,,,,,,,,,,,,,,,,,,,,,,
1063,TRUE,Company Limited by Guarantee,08/03/2011,,Yes,FALSE,FALSE,1096,W14,Site,Community Land Trust,66,2026,46,0,0,0,0,0,0,0,20,0,0,0,0,0,0,66,0,0,0,0,0,66,
1064,TRUE,Community Interest Company,31/10/2011,,,FALSE,FALSE,1097,LL18,Live,Community Land Trust,3,,0,0,0,0,0,0,3,0,0,0,0,0,0,0,0,3,0,0,0,0,0,3,
1065,TRUE,Community Benefit Society (non-charitable),05/02/2016,,No,FALSE,FALSE,1098,TA24,Plan,Community Land Trust,20,2021,20,0,0,0,0,0,0,0,0,0,0,0,0,0,20,0,0,0,0,0,0,20,
1066,TRUE,Community Benefit Society (charitable),13/11/2018,01/07/2017,,FALSE,TRUE,1099,PO10,Group,Community Land Trust,14,2021,10,0,0,0,0,0,0,0,0,0,4,0,0,0,0,14,0,0,0,0,0,14,
429,TRUE,Community Benefit Society (non-charitable),11/05/2017,,Yes,FALSE,FALSE,449,GU27,Site,Community Land Trust,37,2025,0,0,0,0,0,0,0,0,0,0,0,0,37,0,0,37,0,0,0,0,0,37,
739,TRUE,Registered Society (formerly known as Industrial and Provident Society),12/12/2013,,No,FALSE,FALSE,770,DT6,Live,Community Land Trust,8,2019,8,0,0,0,0,0,0,0,0,0,0,0,0,0,8,0,0,0,0,0,0,8,
740,FALSE,,,,,FALSE,FALSE,771,,No Stage Selected,Community Land Trust,80,,60,0,0,0,0,0,0,0,0,0,0,0,20,0,0,80,0,0,0,0,0,80,
741,TRUE,Company Limited by Guarantee,07/04/2011,,,FALSE,FALSE,772,LD8,Group,Community Land Trust,3,,0,0,0,0,0,0,0,0,0,0,0,0,3,0,0,3,0,0,0,0,0,3,
750,TRUE,Registered Society (formerly known as Industrial and Provident Society),09/12/2011,01/08/2011,No,FALSE,FALSE,781,BA22,Live,Community Land Trust,20,2015,16,0,0,0,0,0,0,0,0,0,4,0,0,0,20,0,0,0,0,20,0,0,
71,TRUE,Community Benefit Society (non-charitable),01/02/2019,,Yes,FALSE,FALSE,72,TN39,Site,Community Land Trust,8,2022,8,0,0,0,0,0,0,0,0,0,0,0,0,0,8,0,0,0,0,0,0,8,
74,FALSE,Not yet incorporated,,,,FALSE,FALSE,76,,No Stage Selected,Community Land Trust,,,,,,,,,,,,,,,,,,,,,,,,,
77,TRUE,Community Benefit Society (non-charitable),17/08/2016,,Yes,FALSE,FALSE,79,LN6,Plan,Community Land Trust,50,2022,50,0,0,0,0,0,0,0,0,0,0,0,0,0,50,0,0,0,0,0,0,50,
289,FALSE,Not yet incorporated,,,,FALSE,FALSE,300,,No Stage Selected,Community Land Trust,,,,,,,,,,,,,,,,,,,,,,,,,
290,TRUE,Company Limited by Guarantee,21/10/2013,,,FALSE,FALSE,301,WV16,No Stage Selected,Community Land Trust,,,,,,,,,,,,,,,,,,,,,,,,,
295,TRUE,Community Benefit Society (non-charitable),12/07/2017,,No,FALSE,FALSE,306,DT1,Plan,Community Land Trust,19,2020,19,0,0,0,0,0,0,0,0,0,0,0,0,0,19,0,0,0,0,0,0,19,
724,TRUE,Registered Society (formerly known as Industrial and Provident Society),28/03/2019,,Yes,FALSE,FALSE,754,PE11,Live,Community Land Trust,14,2015,14,0,0,0,0,0,0,0,0,0,0,0,0,0,14,0,0,0,0,0,0,14,
647,TRUE,Community Benefit Society (non-charitable),02/11/2018,,,FALSE,FALSE,674,CH62,Concept,Community Land Trust,,,,,,,,,,,,,,,,,,,,,,,,,
644,TRUE,Company Limited by Guarantee,15/01/2007,,Yes,TRUE,TRUE,671,CH64,Group,Community Land Trust,15,2024,0,0,0,0,0,0,5,0,0,0,0,0,10,0,15,0,0,0,0,0,0,15,
1035,TRUE,Company Limited by Guarantee,12/01/2009,,,FALSE,FALSE,1068,LE15,Plan,Community Land Trust,8,,0,0,0,0,0,0,0,0,0,0,0,0,8,0,8,0,0,0,0,0,0,8,
1036,TRUE,Registered Society (formerly known as Industrial and Provident Society),12/12/2008,,,FALSE,FALSE,1069,NP8,No Stage Selected,Community Land Trust,,,,,,,,,,,,,,,,,,,,,,,,,
1078,TRUE,Company Limited by Guarantee,02/06/2008,01/01/2008,Yes,TRUE,FALSE,506,PO17,Live,Community Land Trust,8,2012,0,0,0,0,0,0,4,0,0,0,4,0,0,0,0,8,0,0,0,0,0,8,
1085,TRUE,Registered Society (formerly known as Industrial and Provident Society),30/04/2018,,Yes,FALSE,FALSE,85,NG24,Live,Community Land Trust,10,2015,0,0,0,0,0,0,10,0,0,0,0,0,0,0,10,0,0,0,0,0,0,10,
1100,TRUE,Company Limited by Guarantee,30/03/2012,,Yes,FALSE,FALSE,1132,LA11,Live,Community Land Trust,2,2015,0,0,0,0,0,0,0,0,0,0,2,0,0,0,0,2,0,0,0,0,0,2,
165,FALSE,Not yet incorporated,,,,FALSE,FALSE,171,SY21,No Stage Selected,Community Land Trust,6,,0,0,0,0,0,0,0,0,0,0,6,0,0,0,0,6,0,0,0,0,0,6,
183,TRUE,Community Benefit Society (non-charitable),02/05/2013,,No,FALSE,FALSE,189,EX6,Live,Community Land Trust,8,2017,8,0,0,0,0,0,0,0,0,0,0,0,0,0,8,0,0,0,0,0,0,8,
198,TRUE,Registered Society (formerly known as Industrial and Provident Society),17/07/2012,,No,FALSE,FALSE,204,EX6,Live,Community Land Trust,18,2016,14,0,4,0,0,0,0,0,0,0,0,0,0,0,18,0,0,0,0,0,0,18,
19,TRUE,Community Benefit Society (non-charitable),07/02/2019,,Yes,FALSE,FALSE,19,PO22,Site,Community Land Trust,18,2022,0,0,0,0,0,0,18,0,0,0,0,0,0,0,0,18,0,0,0,0,0,18,
10,TRUE,Community Benefit Society (non-charitable),30/11/2018,,,FALSE,FALSE,661,,Group,Community Land Trust,60,2024,10,0,0,0,0,0,0,0,0,0,0,0,50,0,8,52,0,0,0,0,0,60,
1079,FALSE,Not yet incorporated,,,,FALSE,FALSE,1111,CB8,No Stage Selected,Community Land Trust,,,,,,,,,,,,,,,,,,,,,,,,,
1084,TRUE,Community Benefit Society (non-charitable),24/02/2017,,No,FALSE,FALSE,1116,EX14,Site,Community Land Trust,6,2022,6,0,0,0,0,0,0,0,0,0,0,0,0,0,6,0,0,0,0,0,0,6,
384,TRUE,Community Benefit Society (non-charitable),24/10/2018,,No,FALSE,FALSE,399,EX14,Plan,Community Land Trust,6,2021,6,0,0,0,0,0,0,0,0,0,0,0,0,0,6,0,0,0,0,0,0,6,
416,TRUE,Community Benefit Society (non-charitable),08/06/2016,,Yes,FALSE,FALSE,445,CB6,Build,Community Land Trust,54,2021,17,0,35,0,0,0,0,0,0,0,2,0,0,0,0,54,0,0,0,0,0,54,
418,TRUE,Community Benefit Society (non-charitable),17/03/2020,,Yes,FALSE,FALSE,437,BN27,Concept,Community Land Trust,20,2023,0,0,0,0,0,0,0,0,0,0,0,0,20,0,0,20,0,0,0,0,0,20,
419,TRUE,Community Benefit Society (non-charitable),15/12/2017,01/01/2016,Yes,FALSE,FALSE,438,SP6,Plan,Community Land Trust,3,2022,3,0,0,0,0,0,0,0,0,0,0,0,0,0,3,0,0,0,0,0,0,3,
259,TRUE,Community Benefit Society (non-charitable),12/05/2017,,Yes,FALSE,FALSE,267,TN17,Plan,Community Land Trust,24,2021,0,0,18,0,4,0,0,2,0,0,0,0,0,0,0,24,0,0,0,0,0,24,
261,FALSE,Not yet incorporated,,,,FALSE,FALSE,269,BD24,No Stage Selected,Community Land Trust,,,,,,,,,,,,,,,,,,,,,,,,,
264,TRUE,Community Benefit Society (non-charitable),24/10/2018,,No,FALSE,FALSE,272,BH17,Plan,Community Land Trust,14,2021,14,0,0,0,0,0,0,0,0,0,0,0,0,0,14,0,0,0,0,0,0,14,
325,FALSE,Not yet incorporated,,,,FALSE,FALSE,338,CA15,No Stage Selected,Community Land Trust,,,,,,,,,,,,,,,,,,,,,,,,,
320,FALSE,,,,,FALSE,FALSE,332,,No Stage Selected,Community Land Trust,,,,,,,,,,,,,,,,,,,,,,,,,
266,FALSE,,,,,FALSE,FALSE,274,,No Stage Selected,Community Land Trust,,,,,,,,,,,,,,,,,,,,,,,,,
353,TRUE,Company Limited by Guarantee,21/01/2016,,,FALSE,TRUE,367,M33,Concept,Community Land Trust,6,,0,0,0,0,0,0,0,0,0,0,0,0,6,0,6,0,0,0,0,0,0,6,
665,TRUE,Community Interest Company,24/01/2011,,,FALSE,FALSE,692,TQ13,No Stage Selected,Community Land Trust,,,,,,,,,,,,,,,,,,,,,,,,,
667,TRUE,Registered Society (formerly known as Industrial and Provident Society),19/11/2012,,,FALSE,FALSE,694,LA1,Plan,Community Land Trust,,,,,,,,,,,,,,,,,,,,,,,,,
358,TRUE,Community Benefit Society (non-charitable),12/12/2018,,,FALSE,FALSE,373,NR29,Site,Community Land Trust,20,,0,0,0,0,0,0,0,0,0,0,0,0,20,0,0,20,0,0,0,0,0,20,
359,FALSE,Not yet incorporated,,,,FALSE,FALSE,374,SO50,Concept,Community Land Trust,,,,,,,,,,,,,,,,,,,,,,,,,
360,TRUE,Community Benefit Society (non-charitable),29/03/2017,,Yes,FALSE,FALSE,375,CB7,Site,Community Land Trust,90,2023,0,0,0,0,0,0,65,0,0,0,25,0,0,0,0,90,0,0,0,0,0,90,
1142,TRUE,Charitable Incorporated Organisation,14/05/2014,,,FALSE,TRUE,1181,M6,No Stage Selected,Community Land Trust,24,,0,0,0,0,0,0,0,0,0,0,0,0,24,0,24,0,0,0,0,0,0,24,
370,TRUE,Charitable Incorporated Organisation,23/11/2015,,,FALSE,TRUE,384,L14,Concept,Community Land Trust,,,,,,,,,,,,,,,,,,,,,,,,,
373,TRUE,Community Benefit Society (non-charitable),08/02/2019,,No,FALSE,FALSE,387,BA11,Plan,Community Land Trust,15,2021,0,0,0,0,0,0,15,0,0,0,0,0,0,0,15,0,0,0,0,0,0,15,
373,TRUE,Community Benefit Society (non-charitable),08/02/2019,,No,FALSE,FALSE,388,BA11,Concept,Community Land Trust,,,,,,,,,,,,,,,,,,,,,,,,,
376,TRUE,Community Benefit Society (non-charitable),08/06/2017,,,FALSE,FALSE,390,SL0,No Stage Selected,Community Land Trust,,,,,,,,,,,,,,,,,,,,,,,,,
377,TRUE,Company Limited by Shares,30/11/2015,,No,FALSE,FALSE,392,SE10,Concept,Community Land Trust,,,,,,,,,,,,,,,,,,,,,,,,,
395,TRUE,Company Limited by Guarantee,06/11/2013,,,FALSE,FALSE,414,TR13,Build,Community Land Trust,6,,6,0,0,0,0,0,0,0,0,0,0,0,0,0,0,6,0,0,0,0,0,6,
268,TRUE,Community Benefit Society (non-charitable),23/08/2019,,Yes,FALSE,FALSE,277,SE19,Site,Community Land Trust,5,2024,0,0,0,0,0,0,0,0,0,0,5,0,0,0,5,0,0,0,0,0,0,5,
270,TRUE,Registered Society (formerly known as Industrial and Provident Society),03/04/2019,,,FALSE,FALSE,279,SA19,No Stage Selected,Community Land Trust,,,,,,,,,,,,,,,,,,,,,,,,,
273,FALSE,Not yet incorporated,,,Yes,FALSE,FALSE,282,CA12,Site,Community Land Trust,1,,1,0,0,0,0,0,0,0,0,0,0,0,0,0,0,1,0,0,0,0,0,1,
398,TRUE,Community Benefit Society (non-charitable),09/08/2018,,Yes,FALSE,FALSE,418,PE19,Plan,Community Land Trust,12,2021,0,0,0,0,0,0,9,0,0,0,3,0,0,0,0,12,0,0,0,0,0,12,
280,TRUE,Community Benefit Society (non-charitable),30/03/2017,,,FALSE,FALSE,291,CA13,Build,Community Land Trust,24,,0,0,0,0,0,0,0,0,0,0,0,0,24,0,0,24,0,0,0,0,0,24,
283,TRUE,Registered Society (formerly known as Industrial and Provident Society),25/01/2006,,,FALSE,FALSE,294,PL1,No Stage Selected,Community Land Trust,5,,0,0,0,0,0,0,0,0,0,0,0,0,5,0,0,5,0,0,0,0,0,5,
531,TRUE,Registered Society (formerly known as Industrial and Provident Society),15/03/2006,,,FALSE,FALSE,554,SY21,No Stage Selected,Community Land Trust,,,,,,,,,,,,,,,,,,,,,,,,,
610,FALSE,Not yet incorporated,,,,FALSE,FALSE,635,L8,Group,Community Land Trust,12,,6,0,0,0,0,0,0,0,0,0,0,0,6,0,0,12,0,0,0,0,0,12,
612,FALSE,Not yet incorporated,,,,FALSE,FALSE,637,LN2,Group,Community Land Trust,,,,,,,,,,,,,,,,,,,,,,,,,
617,TRUE,Company Limited by Guarantee,26/07/2017,,,FALSE,FALSE,642,GU29,Concept,Community Land Trust,,,,,,,,,,,,,,,,,,,,,,,,,
148,TRUE,Community Benefit Society,12/07/2019,,Yes,FALSE,FALSE,155,NW5,Concept,Community Land Trust,32,,16,0,0,0,0,0,0,16,0,0,0,0,0,0,0,32,0,0,0,0,0,32,
150,TRUE,Company Limited by Guarantee,06/07/2015,,Yes,FALSE,FALSE,157,N1C,Site,Community Land Trust,50,2027,25,0,0,0,0,0,0,25,0,0,0,0,0,0,0,50,0,0,0,0,0,50,
979,TRUE,Community Benefit Society (charitable),19/03/2014,,,FALSE,TRUE,1012,PL10,Group,Community Land Trust,23,2024,0,0,0,0,0,0,23,0,0,0,0,0,0,0,0,23,0,0,0,0,0,23,
533,TRUE,Company Limited by Guarantee,19/01/2010,,,FALSE,FALSE,275,TR19,Live,Community Land Trust,8,2016,5,0,3,0,0,0,0,0,0,0,0,0,0,0,0,8,0,0,0,0,0,8,
1115,TRUE,Registered Society (formerly known as Industrial and Provident Society),30/01/2013,,Yes,FALSE,FALSE,1147,DE45,Live,Community Land Trust,8,2017,0,0,0,0,0,0,0,0,0,0,8,0,0,0,8,0,0,0,0,0,0,8,
816,FALSE,Not yet incorporated,,,,FALSE,FALSE,849,S1,No Stage Selected,Community Land Trust,,,,,,,,,,,,,,,,,,,,,,,,,
818,TRUE,Community Benefit Society (non-charitable),11/05/2017,,Yes,FALSE,FALSE,851,CT15,Plan,Community Land Trust,13,2021,9,0,0,0,0,0,0,0,2,0,2,0,0,0,12,1,0,0,0,0,0,13,
819,TRUE,Company Limited by Guarantee,13/07/2018,,,FALSE,FALSE,852,TQ9,No Stage Selected,Community Land Trust,,,,,,,,,,,,,,,,,,,,,,,,,
704,TRUE,Community Interest Company,04/05/2017,,,FALSE,FALSE,733,NG2,Concept,Community Land Trust,,,,,,,,,,,,,,,,,,,,,,,,,
706,TRUE,Community Benefit Society (non-charitable),24/05/2019,,Yes,FALSE,FALSE,735,CA11,Site,Community Land Trust,5,,0,0,0,0,0,0,5,0,0,0,0,0,0,0,0,5,0,0,0,0,0,5,
707,TRUE,Community Benefit Society (non-charitable),04/11/2014,,,FALSE,FALSE,736,TA6,No Stage Selected,Community Land Trust,,,,,,,,,,,,,,,,,,,,,,,,,
929,TRUE,Company Limited by Guarantee,14/10/2018,,Yes,FALSE,FALSE,967,TN14,Plan,Community Land Trust,80,,0,0,0,0,0,0,0,0,0,0,0,0,80,0,0,80,0,0,0,0,0,80,
930,TRUE,Community Interest Company,09/01/2017,,,FALSE,FALSE,968,RH4,No Stage Selected,Community Land Trust,,,,,,,,,,,,,,,,,,,,,,,,,
714,TRUE,Community Benefit Society (non-charitable),13/08/2018,,,FALSE,FALSE,743,IP12,Plan,Community Land Trust,20,2023,15,0,0,0,0,0,0,0,0,0,5,0,0,0,0,20,0,0,0,0,0,20,
214,FALSE,Not yet incorporated,,,,FALSE,FALSE,221,CA13,Site,Community Land Trust,,,,,,,,,,,,,,,,,,,,,,,,,
441,TRUE,Registered Society (formerly known as Industrial and Provident Society),07/06/2011,,Yes,FALSE,FALSE,462,LA8,Plan,Community Land Trust,8,,3,0,0,0,3,0,0,0,0,2,0,0,0,0,0,8,0,0,0,0,0,8,
444,TRUE,Community Benefit Society (non-charitable),24/07/2017,,Yes,FALSE,FALSE,1120,BN27,Site,Community Land Trust,20,2021,0,0,0,0,0,0,0,0,0,0,0,0,20,0,18,2,0,0,0,0,0,20,
92,TRUE,Company Limited by Guarantee,15/06/2012,,,FALSE,FALSE,96,BH7,Live,Community Land Trust,10,,0,0,0,0,0,0,0,0,0,0,10,0,0,0,0,10,0,0,0,0,0,10,
94,FALSE,Not yet incorporated,,,,FALSE,FALSE,98,TQ9,No Stage Selected,Community Land Trust,,,,,,,,,,,,,,,,,,,,,,,,,
,FALSE,,,,,FALSE,FALSE,1380,,Group,Community Land Trust,,,,,,,,,,,,,,,,,,,,,,,,,
1341,TRUE,Company Limited by Guarantee,12/12/2019,,Yes,FALSE,FALSE,1381,,Group,Community Land Trust,,,,,,,,,,,,,,,,,,,,,,,,,
1342,FALSE,,,,Yes,FALSE,FALSE,1382,,Concept,Community Land Trust,,,,,,,,,,,,,,,,,,,,,,,,,
1343,FALSE,,,,,FALSE,FALSE,1384,,Concept,Community Land Trust,,,,,,,,,,,,,,,,,,,,,,,,,
800,TRUE,Company Limited by Guarantee,01/01/2015,,Yes,FALSE,FALSE,832,NE43,Live,Community Land Trust,7,2015,7,0,0,0,0,0,0,0,0,0,0,0,0,0,0,7,0,0,0,0,0,7,
803,FALSE,Not yet incorporated,01/05/2012,,Yes,FALSE,FALSE,835,NE68,Concept,Community Land Trust,,,,,,,,,,,,,,,,,,,,,,,,,
867,FALSE,Community Benefit Society (non-charitable),18/10/2019,,,FALSE,FALSE,901,TA5,No Stage Selected,Community Land Trust,6,,0,0,0,0,0,0,0,0,0,0,0,0,6,0,6,0,0,0,0,0,0,6,
1394,FALSE,,,,No,FALSE,FALSE,1362,,Site,Community Land Trust,15,2022,15,0,0,0,0,0,0,0,0,0,0,0,0,0,15,0,0,0,0,0,0,15,
1396,FALSE,,,,,FALSE,FALSE,1476,NE46,No Stage Selected,Community Land Trust,,,,,,,,,,,,,,,,,,,,,,,,,
1397,FALSE,,,,,FALSE,FALSE,1477,IP13,No Stage Selected,Community Land Trust,,,,,,,,,,,,,,,,,,,,,,,,,
1398,TRUE,Community Benefit Society (charitable),30/09/2020,,,FALSE,FALSE,1478,IP30,No Stage Selected,Community Land Trust,,,,,,,,,,,,,,,,,,,,,,,,,
1399,FALSE,,,,,FALSE,FALSE,1479,NR11,No Stage Selected,Community Land Trust,,,,,,,,,,,,,,,,,,,,,,,,,
1400,FALSE,,,,,FALSE,FALSE,1480,IP20,No Stage Selected,Community Land Trust,,,,,,,,,,,,,,,,,,,,,,,,,
1401,FALSE,,,,,FALSE,FALSE,1481,TR6,No Stage Selected,Community Land Trust,,,,,,,,,,,,,,,,,,,,,,,,,
1402,FALSE,,,,,FALSE,FALSE,1482,SW15,No Stage Selected,Community Land Trust,,,,,,,,,,,,,,,,,,,,,,,,,
365,TRUE,Community Benefit Society (non-charitable),25/06/2019,01/01/2017,Yes,FALSE,FALSE,902,HR1,Site,Community Land Trust,7,2022,7,0,0,0,0,0,0,0,0,0,0,0,0,0,0,7,0,0,0,0,0,7,
371,TRUE,Community Benefit Society (non-charitable),21/05/2019,,,FALSE,FALSE,385,CF37,No Stage Selected,Community Land Trust,,,,,,,,,,,,,,,,,,,,,,,,,
390,TRUE,Company Limited by Guarantee,22/09/2017,,,FALSE,FALSE,408,SY16,No Stage Selected,Community Land Trust,,,,,,,,,,,,,,,,,,,,,,,,,
394,TRUE,Community Interest Company,26/06/2013,,,FALSE,FALSE,413,SA3,Group,Community Land Trust,,,,,,,,,,,,,,,,,,,,,,,,,
411,FALSE,Not yet incorporated,,,,FALSE,FALSE,431,LL41,Group,Community Land Trust,,,,,,,,,,,,,,,,,,,,,,,,,
442,TRUE,Community Benefit Society (non-charitable),25/07/2017,01/01/2017,Yes,FALSE,FALSE,464,HR4,Site,Community Land Trust,15,2021,0,0,0,0,0,0,0,0,0,0,0,0,15,0,0,15,0,0,0,0,0,15,
443,TRUE,Community Interest Company,10/11/2011,,Yes,FALSE,FALSE,465,HR4,Group,Community Land Trust,,,,,,,,,,,,,,,,,,,,,,,,,
481,FALSE,,,,,FALSE,FALSE,503,GL6,Group,Community Land Trust,,,,,,,,,,,,,,,,,,,,,,,,,
482,FALSE,Not yet incorporated,,,Yes,FALSE,FALSE,504,RH17,Concept,Community Land Trust,18,2024,0,0,0,0,0,0,9,0,0,0,0,0,9,0,18,0,0,0,0,0,0,18,
1345,TRUE,Community Benefit Society (non-charitable),22/11/2019,,Yes,FALSE,FALSE,1483,TN30,No Stage Selected,Community Land Trust,,,,,,,,,,,,,,,,,,,,,,,,,
97,TRUE,Community Benefit Society (non-charitable),10/05/2017,,,FALSE,FALSE,101,BB9,Concept,Community Land Trust,8,2022,4,0,0,0,4,0,0,0,0,0,0,0,0,0,0,8,0,0,0,0,0,8,
98,TRUE,Community Benefit Society (non-charitable),30/06/2015,,Yes,FALSE,FALSE,102,S33,Live,Community Land Trust,12,2020,12,0,0,0,0,0,0,0,0,0,0,0,0,12,0,0,0,0,0,0,0,12,
543,TRUE,Community Benefit Society (non-charitable),21/12/2016,,,FALSE,FALSE,565,PL15,No Stage Selected,Community Land Trust,,,,,,,,,,,,,,,,,,,,,,,,,
1030,TRUE,Community Benefit Society (non-charitable),18/05/2017,,No,FALSE,FALSE,1063,EX14,Plan,Community Land Trust,6,2021,6,0,0,0,0,0,0,0,0,0,0,0,0,0,6,0,0,0,0,0,0,6,
1032,TRUE,Company Limited by Guarantee,09/11/2017,,Yes,FALSE,FALSE,1065,DL8,Plan,Community Land Trust,,,,,,,,,,,,,,,,,,,,,,,,,
1226,FALSE,,,,Yes,FALSE,FALSE,1263,BL9,Concept,Community Land Trust,20,2024,0,0,0,0,0,0,0,0,0,0,0,0,20,0,0,20,0,0,0,0,0,20,
1235,FALSE,,,,Yes,FALSE,FALSE,1409,M7,Concept,Community Land Trust,46,2022,0,0,0,0,0,0,0,0,0,0,0,0,46,0,0,46,0,0,0,0,0,46,
302,FALSE,Not yet incorporated,,,,FALSE,FALSE,314,LL54,No Stage Selected,Community Land Trust,,,,,,,,,,,,,,,,,,,,,,,,,
308,TRUE,Company Limited by Guarantee,25/01/2019,,Yes,FALSE,FALSE,341,CB7,Live,Community Land Trust,11,2018,1,0,0,0,9,0,0,0,0,0,1,0,0,0,0,11,0,0,0,0,0,11,
313,FALSE,,,,,FALSE,FALSE,325,,No Stage Selected,Community Land Trust,,,,,,,,,,,,,,,,,,,,,,,,,
1338,FALSE,,,,Yes,FALSE,FALSE,1378,,Group,Community Land Trust,,,,,,,,,,,,,,,,,,,,,,,,,
1086,TRUE,Registered Society (formerly known as Industrial and Provident Society),26/04/2012,,,FALSE,FALSE,1117,SP2,Concept,Community Land Trust,44,,44,0,0,0,0,0,0,0,0,0,0,0,0,0,0,44,0,0,0,0,0,44,
1087,TRUE,Registered Society (formerly known as Industrial and Provident Society),23/03/2011,,Yes,FALSE,FALSE,1118,SN10,Concept,Community Land Trust,0,,0,0,0,0,0,0,0,0,0,0,0,0,0,0,0,0,0,0,0,0,0,0,
1362,FALSE,,,01/01/2019,Yes,FALSE,FALSE,1440,,Site,Community Land Trust,35,,0,0,0,0,0,0,0,0,0,0,0,0,35,0,35,0,0,0,0,0,0,35,
1365,FALSE,,,01/01/2019,Yes,FALSE,FALSE,1443,,Group,Community Land Trust,,,,,,,,,,,,,,,,,,,,,,,,,
965,TRUE,Registered Society (formerly known as Industrial and Provident Society),18/11/2011,,,FALSE,FALSE,416,L8,Live,Community Land Trust,10,,5,0,5,0,0,0,0,0,0,0,0,0,0,0,0,10,0,0,0,0,0,10,
1,FALSE,Not yet incorporated,,,,FALSE,FALSE,1,,Concept,Community Land Trust,8,2023,8,0,0,0,0,0,0,0,0,0,0,0,0,0,0,8,0,0,0,0,0,8,
6,TRUE,Community Benefit Society (non-charitable),08/02/2019,01/01/2017,Yes,FALSE,FALSE,6,SP11,Group,Community Land Trust,12,2022,9,3,0,0,0,0,0,0,0,0,0,0,0,0,12,0,0,0,0,0,0,12,
8,TRUE,Community Benefit Society (non-charitable),30/03/2017,,Yes,FALSE,FALSE,8,CA13,Site,Community Land Trust,4,,0,0,0,0,0,0,3,0,0,0,1,0,0,0,0,4,0,0,0,0,0,4,
9,FALSE,Not yet incorporated,,,,FALSE,FALSE,9,MK12,No Stage Selected,Community Land Trust,,,,,,,,,,,,,,,,,,,,,,,,,
20,TRUE,Community Benefit Society (non-charitable),01/11/2017,,Yes,FALSE,FALSE,20,BN26,Group,Community Land Trust,10,2022,5,0,0,0,0,0,0,0,0,0,5,0,0,5,5,0,0,0,0,0,0,10,
21,FALSE,Not yet incorporated,,,,FALSE,FALSE,21,DN14,No Stage Selected,Community Land Trust,,,,,,,,,,,,,,,,,,,,,,,,,
24,TRUE,Company Limited by Guarantee,22/11/2007,,,FALSE,FALSE,24,NE47,Live,Community Land Trust,3,2008,3,0,0,0,0,0,0,0,0,0,0,0,0,0,0,3,0,0,0,0,0,3,
169,FALSE,Not yet incorporated,,,Yes,FALSE,FALSE,176,NE61,Concept,Community Land Trust,,,,,,,,,,,,,,,,,,,,,,,,,
1091,FALSE,Not yet incorporated,,29/01/2018,Yes,FALSE,FALSE,1123,SL4,Group,Community Land Trust,25,,0,0,0,0,0,0,0,0,0,0,0,0,25,10,10,5,0,0,0,0,0,25,
1248,FALSE,,,,Yes,FALSE,FALSE,1401,TS6,Site,Community Land Trust,5,2020,5,0,0,0,0,0,0,0,0,0,0,0,0,0,0,5,0,0,0,0,0,5,
1094,TRUE,Charitable Incorporated Organisation,30/01/2013,,Yes,FALSE,TRUE,1126,DE4,Site,Community Land Trust,8,,0,0,0,0,0,0,0,0,0,0,0,0,8,0,0,8,0,0,0,0,0,8,
1249,TRUE,Company Limited by Guarantee,13/10/1998,,Yes,FALSE,TRUE,695,TS3,Concept,Community Land Trust,10,,0,0,0,0,0,0,0,0,0,0,0,0,10,10,0,0,0,0,0,0,0,10,
1250,TRUE,Company Limited by Guarantee,06/02/2011,,Yes,FALSE,FALSE,1403,TS1,Build,Community Land Trust,4,2020,4,0,0,0,0,0,0,0,0,0,0,0,0,0,0,4,0,0,0,0,0,4,
1249,TRUE,Company Limited by Guarantee,13/10/1998,,Yes,FALSE,TRUE,1402,TS3,Site,Community Land Trust,5,2020,5,0,0,0,0,0,0,0,0,0,0,0,0,0,0,5,0,0,0,0,0,5,
1250,TRUE,Company Limited by Guarantee,06/02/2011,,Yes,FALSE,FALSE,641,TS1,Live,Community Land Trust,5,,5,0,0,0,0,0,0,0,0,0,0,0,0,0,0,5,0,0,0,0,0,5,
1222,FALSE,,,,Yes,FALSE,FALSE,1259,OL8,Plan,Community Land Trust,35,2023,30,0,0,0,0,0,5,0,0,0,0,0,0,0,0,35,0,0,0,0,0,35,
115,TRUE,Community Benefit Society (non-charitable),18/04/2017,,,FALSE,FALSE,121,SP5,Site,Community Land Trust,6,,0,0,0,0,0,0,0,0,0,0,0,0,6,0,0,6,0,0,0,0,0,6,
116,FALSE,,,,,FALSE,FALSE,122,,Site,Community Land Trust,,,,,,,,,,,,,,,,,,,,,,,,,
1223,FALSE,,,,Yes,FALSE,FALSE,1260,,Plan,Community Land Trust,18,2023,18,0,0,0,0,0,0,0,0,0,0,0,0,0,0,18,0,0,0,0,0,18,
117,FALSE,,,,,FALSE,FALSE,123,,Site,Community Land Trust,9,,3,0,0,0,0,0,6,0,0,0,0,0,0,0,0,9,0,0,0,0,0,9,
119,FALSE,Not yet incorporated,,,,FALSE,FALSE,125,,Site,Community Land Trust,,,,,,,,,,,,,,,,,,,,,,,,,
1225,FALSE,,,,Yes,FALSE,FALSE,1262,M13,Concept,Community Land Trust,15,2023,0,0,0,0,0,0,15,0,0,0,0,0,0,0,0,15,0,0,0,0,0,15,
248,TRUE,Community Benefit Society (non-charitable),13/03/2007,,,TRUE,FALSE,463,TR1,Live,Community Land Trust,3,,0,0,3,0,0,0,0,0,0,0,0,0,0,0,0,3,0,0,0,3,0,0,
475,TRUE,Registered Society (formerly known as Industrial and Provident Society),01/01/2019,01/01/2018,Yes,FALSE,FALSE,497,OX15,Plan,Community Land Trust,12,2021,4,0,0,0,2,0,0,0,0,0,6,0,0,0,12,0,0,0,0,0,0,12,
697,TRUE,Community Benefit Society (non-charitable),15/12/2006,01/01/2006,No,FALSE,FALSE,724,OX4,Plan,Community Land Trust,8,2021,8,0,0,0,0,0,0,0,0,0,0,0,0,0,8,0,0,0,0,0,0,8,
806,TRUE,Community Interest Company,26/07/2018,01/09/2017,Yes,FALSE,FALSE,838,SN12,Site,Community Land Trust,10,2022,7,0,0,0,0,0,0,0,0,0,3,0,0,0,10,0,0,0,0,10,0,0,
951,TRUE,Community Benefit Society (non-charitable),04/03/2019,01/01/2018,Yes,FALSE,FALSE,990,OX9,Site,Community Land Trust,30,2022,15,15,0,0,0,0,0,0,0,0,0,0,0,0,30,0,0,0,0,0,0,30,
1011,TRUE,Company Limited by Guarantee,16/11/2011,01/07/2008,,FALSE,TRUE,214,TQ9,Build,Community Land Trust,31,2021,0,0,0,0,0,0,0,0,0,0,0,0,31,0,0,31,0,0,0,0,0,31,
1016,FALSE,Not yet incorporated,,,,FALSE,FALSE,1049,TR1,Build,Community Land Trust,12,,0,0,0,0,12,0,0,0,0,0,0,0,0,0,0,12,0,0,0,0,0,12,
1271,FALSE,,20/12/2018,,Yes,FALSE,FALSE,1285,,Site,Community Land Trust,20,,0,0,0,0,0,0,0,0,0,0,0,0,20,0,20,0,0,0,0,0,0,20,
164,TRUE,Community Interest Company,14/12/2011,,,FALSE,FALSE,37,GL5,Live,Community Land Trust,78,2014,19,0,0,0,40,0,19,0,0,0,0,0,0,0,0,78,0,0,0,0,0,78,
1345,TRUE,Community Benefit Society (non-charitable),22/11/2019,,Yes,FALSE,FALSE,1385,TN30,Concept,Community Land Trust,,,,,,,,,,,,,,,,,,,,,,,,,
,,,,,,,,,,,,,,,,,,,,,,,,,,,,,,,,,,,,
,,,,,,,,,,,,,,,,,,,,,,,,,,,,,,,,,,,,
,,,,,,,,,,,,,,,,,,,,,,,,,,,,,,,,,,,,
,,,,,,,,,,,,,,,,,,,,,,,,,,,,,,,,,,,,
,,,,,,,,,,,,,,,,,,,,,,,,,,,,,,,,,,,,
,,,,,,,,,,,,,,,,,,,,,,,,,,,,,,,,,,,,
,,,,,,,,,,,,,,,,,,,,,,,,,,,,,,,,,,,,
,,,,,,,,,,,,,,,,,,,,,,,,,,,,,,,,,,,,
,,,,,,,,,,,,,,,,,,,,,,,,,,,,,,,,,,,,
,,,,,,,,,,,,,,,,,,,,,,,,,,,,,,,,,,,,
,,,,,,,,,,,,,,,,,,,,,,,,,,,,,,,,,,,,
,,,,,,,,,,,,,,,,,,,,,,,,,,,,,,,,,,,,
,,,,,,,,,,,,,,,,,,,,,,,,,,,,,,,,,,,,
,,,,,,,,,,,,,,,,,,,,,,,,,,,,,,,,,,,,
,,,,,,,,,,,,,,,,,,,,,,,,,,,,,,,,,,,,
,,,,,,,,,,,,,,,,,,,,,,,,,,,,,,,,,,,,
,,,,,,,,,,,,,,,,,,,,,,,,,,,,,,,,,,,,
,,,,,,,,,,,,,,,,,,,,,,,,,,,,,,,,,,,,
,,,,,,,,,,,,,,,,,,,,,,,,,,,,,,,,,,,,
,,,,,,,,,,,,,,,,,,,,,,,,,,,,,,,,,,,,
,,,,,,,,,,,,,,,,,,,,,,,,,,,,,,,,,,,,
,,,,,,,,,,,,,,,,,,,,,,,,,,,,,,,,,,,,
,,,,,,,,,,,,,,,,,,,,,,,,,,,,,,,,,,,,
,,,,,,,,,,,,,,,,,,,,,,,,,,,,,,,,,,,,
,,,,,,,,,,,,,,,,,,,,,,,,,,,,,,,,,,,,
,,,,,,,,,,,,,,,,,,,,,,,,,,,,,,,,,,,,
,,,,,,,,,,,,,,,,,,,,,,,,,,,,,,,,,,,,
,,,,,,,,,,,,,,,,,,,,,,,,,,,,,,,,,,,,
,,,,,,,,,,,,,,,,,,,,,,,,,,,,,,,,,,,,
,,,,,,,,,,,,,,,,,,,,,,,,,,,,,,,,,,,,
,,,,,,,,,,,,,,,,,,,,,,,,,,,,,,,,,,,,
,,,,,,,,,,,,,,,,,,,,,,,,,,,,,,,,,,,,
,,,,,,,,,,,,,,,,,,,,,,,,,,,,,,,,,,,,
,,,,,,,,,,,,,,,,,,,,,,,,,,,,,,,,,,,,
,,,,,,,,,,,,,,,,,,,,,,,,,,,,,,,,,,,,
,,,,,,,,,,,,,,,,,,,,,,,,,,,,,,,,,,,,
,,,,,,,,,,,,,,,,,,,,,,,,,,,,,,,,,,,,
,,,,,,,,,,,,,,,,,,,,,,,,,,,,,,,,,,,,
,,,,,,,,,,,,,,,,,,,,,,,,,,,,,,,,,,,,
,,,,,,,,,,,,,,,,,,,,,,,,,,,,,,,,,,,,
,,,,,,,,,,,,,,,,,,,,,,,,,,,,,,,,,,,,
,,,,,,,,,,,,,,,,,,,,,,,,,,,,,,,,,,,,
,,,,,,,,,,,,,,,,,,,,,,,,,,,,,,,,,,,,
,,,,,,,,,,,,,,,,,,,,,,,,,,,,,,,,,,,,
,,,,,,,,,,,,,,,,,,,,,,,,,,,,,,,,,,,,
,,,,,,,,,,,,,,,,,,,,,,,,,,,,,,,,,,,,
,,,,,,,,,,,,,,,,,,,,,,,,,,,,,,,,,,,,
,,,,,,,,,,,,,,,,,,,,,,,,,,,,,,,,,,,,
,,,,,,,,,,,,,,,,,,,,,,,,,,,,,,,,,,,,
,,,,,,,,,,,,,,,,,,,,,,,,,,,,,,,,,,,,
,,,,,,,,,,,,,,,,,,,,,,,,,,,,,,,,,,,,
,,,,,,,,,,,,,,,,,,,,,,,,,,,,,,,,,,,,
,,,,,,,,,,,,,,,,,,,,,,,,,,,,,,,,,,,,
,,,,,,,,,,,,,,,,,,,,,,,,,,,,,,,,,,,,
,,,,,,,,,,,,,,,,,,,,,,,,,,,,,,,,,,,,
,,,,,,,,,,,,,,,,,,,,,,,,,,,,,,,,,,,,
,,,,,,,,,,,,,,,,,,,,,,,,,,,,,,,,,,,,
,,,,,,,,,,,,,,,,,,,,,,,,,,,,,,,,,,,,
,,,,,,,,,,,,,,,,,,,,,,,,,,,,,,,,,,,,
,,,,,,,,,,,,,,,,,,,,,,,,,,,,,,,,,,,,
,,,,,,,,,,,,,,,,,,,,,,,,,,,,,,,,,,,,
,,,,,,,,,,,,,,,,,,,,,,,,,,,,,,,,,,,,
,,,,,,,,,,,,,,,,,,,,,,,,,,,,,,,,,,,,
,,,,,,,,,,,,,,,,,,,,,,,,,,,,,,,,,,,,
,,,,,,,,,,,,,,,,,,,,,,,,,,,,,,,,,,,,
,,,,,,,,,,,,,,,,,,,,,,,,,,,,,,,,,,,,
,,,,,,,,,,,,,,,,,,,,,,,,,,,,,,,,,,,,
,,,,,,,,,,,,,,,,,,,,,,,,,,,,,,,,,,,,
,,,,,,,,,,,,,,,,,,,,,,,,,,,,,,,,,,,,
,,,,,,,,,,,,,,,,,,,,,,,,,,,,,,,,,,,,
,,,,,,,,,,,,,,,,,,,,,,,,,,,,,,,,,,,,
,,,,,,,,,,,,,,,,,,,,,,,,,,,,,,,,,,,,
,,,,,,,,,,,,,,,,,,,,,,,,,,,,,,,,,,,,
,,,,,,,,,,,,,,,,,,,,,,,,,,,,,,,,,,,,
,,,,,,,,,,,,,,,,,,,,,,,,,,,,,,,,,,,,
,,,,,,,,,,,,,,,,,,,,,,,,,,,,,,,,,,,,
,,,,,,,,,,,,,,,,,,,,,,,,,,,,,,,,,,,,
,,,,,,,,,,,,,,,,,,,,,,,,,,,,,,,,,,,,
,,,,,,,,,,,,,,,,,,,,,,,,,,,,,,,,,,,,
,,,,,,,,,,,,,,,,,,,,,,,,,,,,,,,,,,,,
,,,,,,,,,,,,,,,,,,,,,,,,,,,,,,,,,,,,
,,,,,,,,,,,,,,,,,,,,,,,,,,,,,,,,,,,,
,,,,,,,,,,,,,,,,,,,,,,,,,,,,,,,,,,,,
,,,,,,,,,,,,,,,,,,,,,,,,,,,,,,,,,,,,
,,,,,,,,,,,,,,,,,,,,,,,,,,,,,,,,,,,,
,,,,,,,,,,,,,,,,,,,,,,,,,,,,,,,,,,,,
,,,,,,,,,,,,,,,,,,,,,,,,,,,,,,,,,,,,
,,,,,,,,,,,,,,,,,,,,,,,,,,,,,,,,,,,,
,,,,,,,,,,,,,,,,,,,,,,,,,,,,,,,,,,,,
,,,,,,,,,,,,,,,,,,,,,,,,,,,,,,,,,,,,
,,,,,,,,,,,,,,,,,,,,,,,,,,,,,,,,,,,,
,,,,,,,,,,,,,,,,,,,,,,,,,,,,,,,,,,,,
,,,,,,,,,,,,,,,,,,,,,,,,,,,,,,,,,,,,
,,,,,,,,,,,,,,,,,,,,,,,,,,,,,,,,,,,,
,,,,,,,,,,,,,,,,,,,,,,,,,,,,,,,,,,,,
,,,,,,,,,,,,,,,,,,,,,,,,,,,,,,,,,,,,
,,,,,,,,,,,,,,,,,,,,,,,,,,,,,,,,,,,,
,,,,,,,,,,,,,,,,,,,,,,,,,,,,,,,,,,,,
,,,,,,,,,,,,,,,,,,,,,,,,,,,,,,,,,,,,
,,,,,,,,,,,,,,,,,,,,,,,,,,,,,,,,,,,,
,,,,,,,,,,,,,,,,,,,,,,,,,,,,,,,,,,,,
,,,,,,,,,,,,,,,,,,,,,,,,,,,,,,,,,,,,
,,,,,,,,,,,,,,,,,,,,,,,,,,,,,,,,,,,,
,,,,,,,,,,,,,,,,,,,,,,,,,,,,,,,,,,,,
,,,,,,,,,,,,,,,,,,,,,,,,,,,,,,,,,,,,
,,,,,,,,,,,,,,,,,,,,,,,,,,,,,,,,,,,,
,,,,,,,,,,,,,,,,,,,,,,,,,,,,,,,,,,,,
,,,,,,,,,,,,,,,,,,,,,,,,,,,,,,,,,,,,
,,,,,,,,,,,,,,,,,,,,,,,,,,,,,,,,,,,,
,,,,,,,,,,,,,,,,,,,,,,,,,,,,,,,,,,,,
,,,,,,,,,,,,,,,,,,,,,,,,,,,,,,,,,,,,
,,,,,,,,,,,,,,,,,,,,,,,,,,,,,,,,,,,,
,,,,,,,,,,,,,,,,,,,,,,,,,,,,,,,,,,,,
,,,,,,,,,,,,,,,,,,,,,,,,,,,,,,,,,,,,
,,,,,,,,,,,,,,,,,,,,,,,,,,,,,,,,,,,,
,,,,,,,,,,,,,,,,,,,,,,,,,,,,,,,,,,,,
,,,,,,,,,,,,,,,,,,,,,,,,,,,,,,,,,,,,
,,,,,,,,,,,,,,,,,,,,,,,,,,,,,,,,,,,,
,,,,,,,,,,,,,,,,,,,,,,,,,,,,,,,,,,,,
,,,,,,,,,,,,,,,,,,,,,,,,,,,,,,,,,,,,
,,,,,,,,,,,,,,,,,,,,,,,,,,,,,,,,,,,,
,,,,,,,,,,,,,,,,,,,,,,,,,,,,,,,,,,,,
,,,,,,,,,,,,,,,,,,,,,,,,,,,,,,,,,,,,
,,,,,,,,,,,,,,,,,,,,,,,,,,,,,,,,,,,,
,,,,,,,,,,,,,,,,,,,,,,,,,,,,,,,,,,,,
,,,,,,,,,,,,,,,,,,,,,,,,,,,,,,,,,,,,
,,,,,,,,,,,,,,,,,,,,,,,,,,,,,,,,,,,,
,,,,,,,,,,,,,,,,,,,,,,,,,,,,,,,,,,,,
,,,,,,,,,,,,,,,,,,,,,,,,,,,,,,,,,,,,
,,,,,,,,,,,,,,,,,,,,,,,,,,,,,,,,,,,,
,,,,,,,,,,,,,,,,,,,,,,,,,,,,,,,,,,,,
,,,,,,,,,,,,,,,,,,,,,,,,,,,,,,,,,,,,
,,,,,,,,,,,,,,,,,,,,,,,,,,,,,,,,,,,,
,,,,,,,,,,,,,,,,,,,,,,,,,,,,,,,,,,,,
,,,,,,,,,,,,,,,,,,,,,,,,,,,,,,,,,,,,
,,,,,,,,,,,,,,,,,,,,,,,,,,,,,,,,,,,,
,,,,,,,,,,,,,,,,,,,,,,,,,,,,,,,,,,,,
,,,,,,,,,,,,,,,,,,,,,,,,,,,,,,,,,,,,
,,,,,,,,,,,,,,,,,,,,,,,,,,,,,,,,,,,,
,,,,,,,,,,,,,,,,,,,,,,,,,,,,,,,,,,,,
,,,,,,,,,,,,,,,,,,,,,,,,,,,,,,,,,,,,
,,,,,,,,,,,,,,,,,,,,,,,,,,,,,,,,,,,,
,,,,,,,,,,,,,,,,,,,,,,,,,,,,,,,,,,,,
,,,,,,,,,,,,,,,,,,,,,,,,,,,,,,,,,,,,
,,,,,,,,,,,,,,,,,,,,,,,,,,,,,,,,,,,,
,,,,,,,,,,,,,,,,,,,,,,,,,,,,,,,,,,,,
,,,,,,,,,,,,,,,,,,,,,,,,,,,,,,,,,,,,
,,,,,,,,,,,,,,,,,,,,,,,,,,,,,,,,,,,,
,,,,,,,,,,,,,,,,,,,,,,,,,,,,,,,,,,,,
,,,,,,,,,,,,,,,,,,,,,,,,,,,,,,,,,,,,
,,,,,,,,,,,,,,,,,,,,,,,,,,,,,,,,,,,,
,,,,,,,,,,,,,,,,,,,,,,,,,,,,,,,,,,,,
,,,,,,,,,,,,,,,,,,,,,,,,,,,,,,,,,,,,
,,,,,,,,,,,,,,,,,,,,,,,,,,,,,,,,,,,,
,,,,,,,,,,,,,,,,,,,,,,,,,,,,,,,,,,,,
,,,,,,,,,,,,,,,,,,,,,,,,,,,,,,,,,,,,
,,,,,,,,,,,,,,,,,,,,,,,,,,,,,,,,,,,,
,,,,,,,,,,,,,,,,,,,,,,,,,,,,,,,,,,,,
,,,,,,,,,,,,,,,,,,,,,,,,,,,,,,,,,,,,
,,,,,,,,,,,,,,,,,,,,,,,,,,,,,,,,,,,,
,,,,,,,,,,,,,,,,,,,,,,,,,,,,,,,,,,,,
,,,,,,,,,,,,,,,,,,,,,,,,,,,,,,,,,,,,
,,,,,,,,,,,,,,,,,,,,,,,,,,,,,,,,,,,,
,,,,,,,,,,,,,,,,,,,,,,,,,,,,,,,,,,,,
,,,,,,,,,,,,,,,,,,,,,,,,,,,,,,,,,,,,
,,,,,,,,,,,,,,,,,,,,,,,,,,,,,,,,,,,,
,,,,,,,,,,,,,,,,,,,,,,,,,,,,,,,,,,,,
,,,,,,,,,,,,,,,,,,,,,,,,,,,,,,,,,,,,
,,,,,,,,,,,,,,,,,,,,,,,,,,,,,,,,,,,,
,,,,,,,,,,,,,,,,,,,,,,,,,,,,,,,,,,,,
,,,,,,,,,,,,,,,,,,,,,,,,,,,,,,,,,,,,
,,,,,,,,,,,,,,,,,,,,,,,,,,,,,,,,,,,,
,,,,,,,,,,,,,,,,,,,,,,,,,,,,,,,,,,,,
,,,,,,,,,,,,,,,,,,,,,,,,,,,,,,,,,,,,
,,,,,,,,,,,,,,,,,,,,,,,,,,,,,,,,,,,,
,,,,,,,,,,,,,,,,,,,,,,,,,,,,,,,,,,,,
,,,,,,,,,,,,,,,,,,,,,,,,,,,,,,,,,,,,
,,,,,,,,,,,,,,,,,,,,,,,,,,,,,,,,,,,,
,,,,,,,,,,,,,,,,,,,,,,,,,,,,,,,,,,,,
,,,,,,,,,,,,,,,,,,,,,,,,,,,,,,,,,,,,
,,,,,,,,,,,,,,,,,,,,,,,,,,,,,,,,,,,,
,,,,,,,,,,,,,,,,,,,,,,,,,,,,,,,,,,,,
,,,,,,,,,,,,,,,,,,,,,,,,,,,,,,,,,,,,
,,,,,,,,,,,,,,,,,,,,,,,,,,,,,,,,,,,,
,,,,,,,,,,,,,,,,,,,,,,,,,,,,,,,,,,,,
,,,,,,,,,,,,,,,,,,,,,,,,,,,,,,,,,,,,
,,,,,,,,,,,,,,,,,,,,,,,,,,,,,,,,,,,,
,,,,,,,,,,,,,,,,,,,,,,,,,,,,,,,,,,,,
,,,,,,,,,,,,,,,,,,,,,,,,,,,,,,,,,,,,
,,,,,,,,,,,,,,,,,,,,,,,,,,,,,,,,,,,,
,,,,,,,,,,,,,,,,,,,,,,,,,,,,,,,,,,,,
,,,,,,,,,,,,,,,,,,,,,,,,,,,,,,,,,,,,
,,,,,,,,,,,,,,,,,,,,,,,,,,,,,,,,,,,,
,,,,,,,,,,,,,,,,,,,,,,,,,,,,,,,,,,,,
,,,,,,,,,,,,,,,,,,,,,,,,,,,,,,,,,,,,
,,,,,,,,,,,,,,,,,,,,,,,,,,,,,,,,,,,,
,,,,,,,,,,,,,,,,,,,,,,,,,,,,,,,,,,,,
,,,,,,,,,,,,,,,,,,,,,,,,,,,,,,,,,,,,
,,,,,,,,,,,,,,,,,,,,,,,,,,,,,,,,,,,,
,,,,,,,,,,,,,,,,,,,,,,,,,,,,,,,,,,,,
,,,,,,,,,,,,,,,,,,,,,,,,,,,,,,,,,,,,
,,,,,,,,,,,,,,,,,,,,,,,,,,,,,,,,,,,,
,,,,,,,,,,,,,,,,,,,,,,,,,,,,,,,,,,,,
,,,,,,,,,,,,,,,,,,,,,,,,,,,,,,,,,,,,
,,,,,,,,,,,,,,,,,,,,,,,,,,,,,,,,,,,,
,,,,,,,,,,,,,,,,,,,,,,,,,,,,,,,,,,,,
,,,,,,,,,,,,,,,,,,,,,,,,,,,,,,,,,,,,
,,,,,,,,,,,,,,,,,,,,,,,,,,,,,,,,,,,,
,,,,,,,,,,,,,,,,,,,,,,,,,,,,,,,,,,,,
,,,,,,,,,,,,,,,,,,,,,,,,,,,,,,,,,,,,
,,,,,,,,,,,,,,,,,,,,,,,,,,,,,,,,,,,,
,,,,,,,,,,,,,,,,,,,,,,,,,,,,,,,,,,,,
,,,,,,,,,,,,,,,,,,,,,,,,,,,,,,,,,,,,
,,,,,,,,,,,,,,,,,,,,,,,,,,,,,,,,,,,,
,,,,,,,,,,,,,,,,,,,,,,,,,,,,,,,,,,,,
,,,,,,,,,,,,,,,,,,,,,,,,,,,,,,,,,,,,
,,,,,,,,,,,,,,,,,,,,,,,,,,,,,,,,,,,,
,,,,,,,,,,,,,,,,,,,,,,,,,,,,,,,,,,,,
,,,,,,,,,,,,,,,,,,,,,,,,,,,,,,,,,,,,
,,,,,,,,,,,,,,,,,,,,,,,,,,,,,,,,,,,,
,,,,,,,,,,,,,,,,,,,,,,,,,,,,,,,,,,,,
,,,,,,,,,,,,,,,,,,,,,,,,,,,,,,,,,,,,
,,,,,,,,,,,,,,,,,,,,,,,,,,,,,,,,,,,,
,,,,,,,,,,,,,,,,,,,,,,,,,,,,,,,,,,,,
,,,,,,,,,,,,,,,,,,,,,,,,,,,,,,,,,,,,
,,,,,,,,,,,,,,,,,,,,,,,,,,,,,,,,,,,,
,,,,,,,,,,,,,,,,,,,,,,,,,,,,,,,,,,,,
,,,,,,,,,,,,,,,,,,,,,,,,,,,,,,,,,,,,
,,,,,,,,,,,,,,,,,,,,,,,,,,,,,,,,,,,,
,,,,,,,,,,,,,,,,,,,,,,,,,,,,,,,,,,,,
,,,,,,,,,,,,,,,,,,,,,,,,,,,,,,,,,,,,
,,,,,,,,,,,,,,,,,,,,,,,,,,,,,,,,,,,,
,,,,,,,,,,,,,,,,,,,,,,,,,,,,,,,,,,,,
,,,,,,,,,,,,,,,,,,,,,,,,,,,,,,,,,,,,
,,,,,,,,,,,,,,,,,,,,,,,,,,,,,,,,,,,,
,,,,,,,,,,,,,,,,,,,,,,,,,,,,,,,,,,,,
,,,,,,,,,,,,,,,,,,,,,,,,,,,,,,,,,,,,
,,,,,,,,,,,,,,,,,,,,,,,,,,,,,,,,,,,,
,,,,,,,,,,,,,,,,,,,,,,,,,,,,,,,,,,,,
,,,,,,,,,,,,,,,,,,,,,,,,,,,,,,,,,,,,
,,,,,,,,,,,,,,,,,,,,,,,,,,,,,,,,,,,,
,,,,,,,,,,,,,,,,,,,,,,,,,,,,,,,,,,,,
,,,,,,,,,,,,,,,,,,,,,,,,,,,,,,,,,,,,
,,,,,,,,,,,,,,,,,,,,,,,,,,,,,,,,,,,,
,,,,,,,,,,,,,,,,,,,,,,,,,,,,,,,,,,,,
,,,,,,,,,,,,,,,,,,,,,,,,,,,,,,,,,,,,
,,,,,,,,,,,,,,,,,,,,,,,,,,,,,,,,,,,,
,,,,,,,,,,,,,,,,,,,,,,,,,,,,,,,,,,,,
,,,,,,,,,,,,,,,,,,,,,,,,,,,,,,,,,,,,
,,,,,,,,,,,,,,,,,,,,,,,,,,,,,,,,,,,,
,,,,,,,,,,,,,,,,,,,,,,,,,,,,,,,,,,,,
,,,,,,,,,,,,,,,,,,,,,,,,,,,,,,,,,,,,
,,,,,,,,,,,,,,,,,,,,,,,,,,,,,,,,,,,,
,,,,,,,,,,,,,,,,,,,,,,,,,,,,,,,,,,,,
,,,,,,,,,,,,,,,,,,,,,,,,,,,,,,,,,,,,
,,,,,,,,,,,,,,,,,,,,,,,,,,,,,,,,,,,,
,,,,,,,,,,,,,,,,,,,,,,,,,,,,,,,,,,,,
,,,,,,,,,,,,,,,,,,,,,,,,,,,,,,,,,,,,
,,,,,,,,,,,,,,,,,,,,,,,,,,,,,,,,,,,,
,,,,,,,,,,,,,,,,,,,,,,,,,,,,,,,,,,,,
,,,,,,,,,,,,,,,,,,,,,,,,,,,,,,,,,,,,
,,,,,,,,,,,,,,,,,,,,,,,,,,,,,,,,,,,,
,,,,,,,,,,,,,,,,,,,,,,,,,,,,,,,,,,,,
,,,,,,,,,,,,,,,,,,,,,,,,,,,,,,,,,,,,
,,,,,,,,,,,,,,,,,,,,,,,,,,,,,,,,,,,,
,,,,,,,,,,,,,,,,,,,,,,,,,,,,,,,,,,,,
,,,,,,,,,,,,,,,,,,,,,,,,,,,,,,,,,,,,
,,,,,,,,,,,,,,,,,,,,,,,,,,,,,,,,,,,,
,,,,,,,,,,,,,,,,,,,,,,,,,,,,,,,,,,,,
,,,,,,,,,,,,,,,,,,,,,,,,,,,,,,,,,,,,
,,,,,,,,,,,,,,,,,,,,,,,,,,,,,,,,,,,,
,,,,,,,,,,,,,,,,,,,,,,,,,,,,,,,,,,,,
,,,,,,,,,,,,,,,,,,,,,,,,,,,,,,,,,,,,
,,,,,,,,,,,,,,,,,,,,,,,,,,,,,,,,,,,,
,,,,,,,,,,,,,,,,,,,,,,,,,,,,,,,,,,,,
,,,,,,,,,,,,,,,,,,,,,,,,,,,,,,,,,,,,
,,,,,,,,,,,,,,,,,,,,,,,,,,,,,,,,,,,,
,,,,,,,,,,,,,,,,,,,,,,,,,,,,,,,,,,,,
,,,,,,,,,,,,,,,,,,,,,,,,,,,,,,,,,,,,
,,,,,,,,,,,,,,,,,,,,,,,,,,,,,,,,,,,,
,,,,,,,,,,,,,,,,,,,,,,,,,,,,,,,,,,,,
,,,,,,,,,,,,,,,,,,,,,,,,,,,,,,,,,,,,
,,,,,,,,,,,,,,,,,,,,,,,,,,,,,,,,,,,,
,,,,,,,,,,,,,,,,,,,,,,,,,,,,,,,,,,,,
,,,,,,,,,,,,,,,,,,,,,,,,,,,,,,,,,,,,
,,,,,,,,,,,,,,,,,,,,,,,,,,,,,,,,,,,,
,,,,,,,,,,,,,,,,,,,,,,,,,,,,,,,,,,,,
,,,,,,,,,,,,,,,,,,,,,,,,,,,,,,,,,,,,
,,,,,,,,,,,,,,,,,,,,,,,,,,,,,,,,,,,,
,,,,,,,,,,,,,,,,,,,,,,,,,,,,,,,,,,,,
,,,,,,,,,,,,,,,,,,,,,,,,,,,,,,,,,,,,
,,,,,,,,,,,,,,,,,,,,,,,,,,,,,,,,,,,,
,,,,,,,,,,,,,,,,,,,,,,,,,,,,,,,,,,,,
,,,,,,,,,,,,,,,,,,,,,,,,,,,,,,,,,,,,
,,,,,,,,,,,,,,,,,,,,,,,,,,,,,,,,,,,,
,,,,,,,,,,,,,,,,,,,,,,,,,,,,,,,,,,,,
,,,,,,,,,,,,,,,,,,,,,,,,,,,,,,,,,,,,
,,,,,,,,,,,,,,,,,,,,,,,,,,,,,,,,,,,,
,,,,,,,,,,,,,,,,,,,,,,,,,,,,,,,,,,,,
,,,,,,,,,,,,,,,,,,,,,,,,,,,,,,,,,,,,
,,,,,,,,,,,,,,,,,,,,,,,,,,,,,,,,,,,,
,,,,,,,,,,,,,,,,,,,,,,,,,,,,,,,,,,,,
,,,,,,,,,,,,,,,,,,,,,,,,,,,,,,,,,,,,
,,,,,,,,,,,,,,,,,,,,,,,,,,,,,,,,,,,,
,,,,,,,,,,,,,,,,,,,,,,,,,,,,,,,,,,,,
,,,,,,,,,,,,,,,,,,,,,,,,,,,,,,,,,,,,
,,,,,,,,,,,,,,,,,,,,,,,,,,,,,,,,,,,,
,,,,,,,,,,,,,,,,,,,,,,,,,,,,,,,,,,,,
,,,,,,,,,,,,,,,,,,,,,,,,,,,,,,,,,,,,
,,,,,,,,,,,,,,,,,,,,,,,,,,,,,,,,,,,,
,,,,,,,,,,,,,,,,,,,,,,,,,,,,,,,,,,,,
,,,,,,,,,,,,,,,,,,,,,,,,,,,,,,,,,,,,
,,,,,,,,,,,,,,,,,,,,,,,,,,,,,,,,,,,,
,,,,,,,,,,,,,,,,,,,,,,,,,,,,,,,,,,,,
,,,,,,,,,,,,,,,,,,,,,,,,,,,,,,,,,,,,
,,,,,,,,,,,,,,,,,,,,,,,,,,,,,,,,,,,,
,,,,,,,,,,,,,,,,,,,,,,,,,,,,,,,,,,,,
,,,,,,,,,,,,,,,,,,,,,,,,,,,,,,,,,,,,
,,,,,,,,,,,,,,,,,,,,,,,,,,,,,,,,,,,,
,,,,,,,,,,,,,,,,,,,,,,,,,,,,,,,,,,,,
,,,,,,,,,,,,,,,,,,,,,,,,,,,,,,,,,,,,
,,,,,,,,,,,,,,,,,,,,,,,,,,,,,,,,,,,,
,,,,,,,,,,,,,,,,,,,,,,,,,,,,,,,,,,,,
,,,,,,,,,,,,,,,,,,,,,,,,,,,,,,,,,,,,
,,,,,,,,,,,,,,,,,,,,,,,,,,,,,,,,,,,,
,,,,,,,,,,,,,,,,,,,,,,,,,,,,,,,,,,,,
,,,,,,,,,,,,,,,,,,,,,,,,,,,,,,,,,,,,
,,,,,,,,,,,,,,,,,,,,,,,,,,,,,,,,,,,,
,,,,,,,,,,,,,,,,,,,,,,,,,,,,,,,,,,,,
,,,,,,,,,,,,,,,,,,,,,,,,,,,,,,,,,,,,
,,,,,,,,,,,,,,,,,,,,,,,,,,,,,,,,,,,,
,,,,,,,,,,,,,,,,,,,,,,,,,,,,,,,,,,,,
,,,,,,,,,,,,,,,,,,,,,,,,,,,,,,,,,,,,
,,,,,,,,,,,,,,,,,,,,,,,,,,,,,,,,,,,,
,,,,,,,,,,,,,,,,,,,,,,,,,,,,,,,,,,,,
,,,,,,,,,,,,,,,,,,,,,,,,,,,,,,,,,,,,
,,,,,,,,,,,,,,,,,,,,,,,,,,,,,,,,,,,,
,,,,,,,,,,,,,,,,,,,,,,,,,,,,,,,,,,,,
,,,,,,,,,,,,,,,,,,,,,,,,,,,,,,,,,,,,
,,,,,,,,,,,,,,,,,,,,,,,,,,,,,,,,,,,,
,,,,,,,,,,,,,,,,,,,,,,,,,,,,,,,,,,,,
,,,,,,,,,,,,,,,,,,,,,,,,,,,,,,,,,,,,
,,,,,,,,,,,,,,,,,,,,,,,,,,,,,,,,,,,,
,,,,,,,,,,,,,,,,,,,,,,,,,,,,,,,,,,,,
,,,,,,,,,,,,,,,,,,,,,,,,,,,,,,,,,,,,
,,,,,,,,,,,,,,,,,,,,,,,,,,,,,,,,,,,,
,,,,,,,,,,,,,,,,,,,,,,,,,,,,,,,,,,,,
,,,,,,,,,,,,,,,,,,,,,,,,,,,,,,,,,,,,
,,,,,,,,,,,,,,,,,,,,,,,,,,,,,,,,,,,,
,,,,,,,,,,,,,,,,,,,,,,,,,,,,,,,,,,,,
,,,,,,,,,,,,,,,,,,,,,,,,,,,,,,,,,,,,
,,,,,,,,,,,,,,,,,,,,,,,,,,,,,,,,,,,,
,,,,,,,,,,,,,,,,,,,,,,,,,,,,,,,,,,,,
,,,,,,,,,,,,,,,,,,,,,,,,,,,,,,,,,,,,
,,,,,,,,,,,,,,,,,,,,,,,,,,,,,,,,,,,,
,,,,,,,,,,,,,,,,,,,,,,,,,,,,,,,,,,,,
,,,,,,,,,,,,,,,,,,,,,,,,,,,,,,,,,,,,
,,,,,,,,,,,,,,,,,,,,,,,,,,,,,,,,,,,,
,,,,,,,,,,,,,,,,,,,,,,,,,,,,,,,,,,,,
,,,,,,,,,,,,,,,,,,,,,,,,,,,,,,,,,,,,
,,,,,,,,,,,,,,,,,,,,,,,,,,,,,,,,,,,,
,,,,,,,,,,,,,,,,,,,,,,,,,,,,,,,,,,,,
,,,,,,,,,,,,,,,,,,,,,,,,,,,,,,,,,,,,
,,,,,,,,,,,,,,,,,,,,,,,,,,,,,,,,,,,,
,,,,,,,,,,,,,,,,,,,,,,,,,,,,,,,,,,,,
,,,,,,,,,,,,,,,,,,,,,,,,,,,,,,,,,,,,
,,,,,,,,,,,,,,,,,,,,,,,,,,,,,,,,,,,,
,,,,,,,,,,,,,,,,,,,,,,,,,,,,,,,,,,,,
,,,,,,,,,,,,,,,,,,,,,,,,,,,,,,,,,,,,
,,,,,,,,,,,,,,,,,,,,,,,,,,,,,,,,,,,,
,,,,,,,,,,,,,,,,,,,,,,,,,,,,,,,,,,,,
,,,,,,,,,,,,,,,,,,,,,,,,,,,,,,,,,,,,
,,,,,,,,,,,,,,,,,,,,,,,,,,,,,,,,,,,,
,,,,,,,,,,,,,,,,,,,,,,,,,,,,,,,,,,,,
,,,,,,,,,,,,,,,,,,,,,,,,,,,,,,,,,,,,
,,,,,,,,,,,,,,,,,,,,,,,,,,,,,,,,,,,,
,,,,,,,,,,,,,,,,,,,,,,,,,,,,,,,,,,,,
,,,,,,,,,,,,,,,,,,,,,,,,,,,,,,,,,,,,
,,,,,,,,,,,,,,,,,,,,,,,,,,,,,,,,,,,,
,,,,,,,,,,,,,,,,,,,,,,,,,,,,,,,,,,,,
,,,,,,,,,,,,,,,,,,,,,,,,,,,,,,,,,,,,
,,,,,,,,,,,,,,,,,,,,,,,,,,,,,,,,,,,,
,,,,,,,,,,,,,,,,,,,,,,,,,,,,,,,,,,,,
,,,,,,,,,,,,,,,,,,,,,,,,,,,,,,,,,,,,
,,,,,,,,,,,,,,,,,,,,,,,,,,,,,,,,,,,,
,,,,,,,,,,,,,,,,,,,,,,,,,,,,,,,,,,,,
,,,,,,,,,,,,,,,,,,,,,,,,,,,,,,,,,,,,
,,,,,,,,,,,,,,,,,,,,,,,,,,,,,,,,,,,,
,,,,,,,,,,,,,,,,,,,,,,,,,,,,,,,,,,,,
,,,,,,,,,,,,,,,,,,,,,,,,,,,,,,,,,,,,
,,,,,,,,,,,,,,,,,,,,,,,,,,,,,,,,,,,,
,,,,,,,,,,,,,,,,,,,,,,,,,,,,,,,,,,,,
,,,,,,,,,,,,,,,,,,,,,,,,,,,,,,,,,,,,
,,,,,,,,,,,,,,,,,,,,,,,,,,,,,,,,,,,,
,,,,,,,,,,,,,,,,,,,,,,,,,,,,,,,,,,,,
,,,,,,,,,,,,,,,,,,,,,,,,,,,,,,,,,,,,
,,,,,,,,,,,,,,,,,,,,,,,,,,,,,,,,,,,,
,,,,,,,,,,,,,,,,,,,,,,,,,,,,,,,,,,,,
,,,,,,,,,,,,,,,,,,,,,,,,,,,,,,,,,,,,
,,,,,,,,,,,,,,,,,,,,,,,,,,,,,,,,,,,,
,,,,,,,,,,,,,,,,,,,,,,,,,,,,,,,,,,,,
,,,,,,,,,,,,,,,,,,,,,,,,,,,,,,,,,,,,
,,,,,,,,,,,,,,,,,,,,,,,,,,,,,,,,,,,,
,,,,,,,,,,,,,,,,,,,,,,,,,,,,,,,,,,,,
,,,,,,,,,,,,,,,,,,,,,,,,,,,,,,,,,,,,
,,,,,,,,,,,,,,,,,,,,,,,,,,,,,,,,,,,,
,,,,,,,,,,,,,,,,,,,,,,,,,,,,,,,,,,,,
,,,,,,,,,,,,,,,,,,,,,,,,,,,,,,,,,,,,
,,,,,,,,,,,,,,,,,,,,,,,,,,,,,,,,,,,,
,,,,,,,,,,,,,,,,,,,,,,,,,,,,,,,,,,,,
,,,,,,,,,,,,,,,,,,,,,,,,,,,,,,,,,,,,
,,,,,,,,,,,,,,,,,,,,,,,,,,,,,,,,,,,,
,,,,,,,,,,,,,,,,,,,,,,,,,,,,,,,,,,,,
,,,,,,,,,,,,,,,,,,,,,,,,,,,,,,,,,,,,
,,,,,,,,,,,,,,,,,,,,,,,,,,,,,,,,,,,,
,,,,,,,,,,,,,,,,,,,,,,,,,,,,,,,,,,,,
,,,,,,,,,,,,,,,,,,,,,,,,,,,,,,,,,,,,
,,,,,,,,,,,,,,,,,,,,,,,,,,,,,,,,,,,,
,,,,,,,,,,,,,,,,,,,,,,,,,,,,,,,,,,,,
,,,,,,,,,,,,,,,,,,,,,,,,,,,,,,,,,,,,
,,,,,,,,,,,,,,,,,,,,,,,,,,,,,,,,,,,,
,,,,,,,,,,,,,,,,,,,,,,,,,,,,,,,,,,,,
,,,,,,,,,,,,,,,,,,,,,,,,,,,,,,,,,,,,
,,,,,,,,,,,,,,,,,,,,,,,,,,,,,,,,,,,,
,,,,,,,,,,,,,,,,,,,,,,,,,,,,,,,,,,,,
,,,,,,,,,,,,,,,,,,,,,,,,,,,,,,,,,,,,
,,,,,,,,,,,,,,,,,,,,,,,,,,,,,,,,,,,,
,,,,,,,,,,,,,,,,,,,,,,,,,,,,,,,,,,,,
,,,,,,,,,,,,,,,,,,,,,,,,,,,,,,,,,,,,
,,,,,,,,,,,,,,,,,,,,,,,,,,,,,,,,,,,,
,,,,,,,,,,,,,,,,,,,,,,,,,,,,,,,,,,,,
,,,,,,,,,,,,,,,,,,,,,,,,,,,,,,,,,,,,
,,,,,,,,,,,,,,,,,,,,,,,,,,,,,,,,,,,,
,,,,,,,,,,,,,,,,,,,,,,,,,,,,,,,,,,,,
,,,,,,,,,,,,,,,,,,,,,,,,,,,,,,,,,,,,
,,,,,,,,,,,,,,,,,,,,,,,,,,,,,,,,,,,,
,,,,,,,,,,,,,,,,,,,,,,,,,,,,,,,,,,,,
,,,,,,,,,,,,,,,,,,,,,,,,,,,,,,,,,,,,
,,,,,,,,,,,,,,,,,,,,,,,,,,,,,,,,,,,,
,,,,,,,,,,,,,,,,,,,,,,,,,,,,,,,,,,,,
,,,,,,,,,,,,,,,,,,,,,,,,,,,,,,,,,,,,
,,,,,,,,,,,,,,,,,,,,,,,,,,,,,,,,,,,,
,,,,,,,,,,,,,,,,,,,,,,,,,,,,,,,,,,,,
,,,,,,,,,,,,,,,,,,,,,,,,,,,,,,,,,,,,
,,,,,,,,,,,,,,,,,,,,,,,,,,,,,,,,,,,,
,,,,,,,,,,,,,,,,,,,,,,,,,,,,,,,,,,,,
,,,,,,,,,,,,,,,,,,,,,,,,,,,,,,,,,,,,
,,,,,,,,,,,,,,,,,,,,,,,,,,,,,,,,,,,,
,,,,,,,,,,,,,,,,,,,,,,,,,,,,,,,,,,,,
,,,,,,,,,,,,,,,,,,,,,,,,,,,,,,,,,,,,
,,,,,,,,,,,,,,,,,,,,,,,,,,,,,,,,,,,,
,,,,,,,,,,,,,,,,,,,,,,,,,,,,,,,,,,,,
,,,,,,,,,,,,,,,,,,,,,,,,,,,,,,,,,,,,
,,,,,,,,,,,,,,,,,,,,,,,,,,,,,,,,,,,,
,,,,,,,,,,,,,,,,,,,,,,,,,,,,,,,,,,,,
,,,,,,,,,,,,,,,,,,,,,,,,,,,,,,,,,,,,
,,,,,,,,,,,,,,,,,,,,,,,,,,,,,,,,,,,,
,,,,,,,,,,,,,,,,,,,,,,,,,,,,,,,,,,,,
,,,,,,,,,,,,,,,,,,,,,,,,,,,,,,,,,,,,
,,,,,,,,,,,,,,,,,,,,,,,,,,,,,,,,,,,,
,,,,,,,,,,,,,,,,,,,,,,,,,,,,,,,,,,,,
,,,,,,,,,,,,,,,,,,,,,,,,,,,,,,,,,,,,
,,,,,,,,,,,,,,,,,,,,,,,,,,,,,,,,,,,,
,,,,,,,,,,,,,,,,,,,,,,,,,,,,,,,,,,,,
,,,,,,,,,,,,,,,,,,,,,,,,,,,,,,,,,,,,
,,,,,,,,,,,,,,,,,,,,,,,,,,,,,,,,,,,,
,,,,,,,,,,,,,,,,,,,,,,,,,,,,,,,,,,,,
,,,,,,,,,,,,,,,,,,,,,,,,,,,,,,,,,,,,
,,,,,,,,,,,,,,,,,,,,,,,,,,,,,,,,,,,,
,,,,,,,,,,,,,,,,,,,,,,,,,,,,,,,,,,,,
,,,,,,,,,,,,,,,,,,,,,,,,,,,,,,,,,,,,
,,,,,,,,,,,,,,,,,,,,,,,,,,,,,,,,,,,,
,,,,,,,,,,,,,,,,,,,,,,,,,,,,,,,,,,,,
,,,,,,,,,,,,,,,,,,,,,,,,,,,,,,,,,,,,
,,,,,,,,,,,,,,,,,,,,,,,,,,,,,,,,,,,,
,,,,,,,,,,,,,,,,,,,,,,,,,,,,,,,,,,,,
,,,,,,,,,,,,,,,,,,,,,,,,,,,,,,,,,,,,
,,,,,,,,,,,,,,,,,,,,,,,,,,,,,,,,,,,,
,,,,,,,,,,,,,,,,,,,,,,,,,,,,,,,,,,,,
,,,,,,,,,,,,,,,,,,,,,,,,,,,,,,,,,,,,
,,,,,,,,,,,,,,,,,,,,,,,,,,,,,,,,,,,,
,,,,,,,,,,,,,,,,,,,,,,,,,,,,,,,,,,,,
,,,,,,,,,,,,,,,,,,,,,,,,,,,,,,,,,,,,
,,,,,,,,,,,,,,,,,,,,,,,,,,,,,,,,,,,,
,,,,,,,,,,,,,,,,,,,,,,,,,,,,,,,,,,,,
,,,,,,,,,,,,,,,,,,,,,,,,,,,,,,,,,,,,
,,,,,,,,,,,,,,,,,,,,,,,,,,,,,,,,,,,,
,,,,,,,,,,,,,,,,,,,,,,,,,,,,,,,,,,,,
,,,,,,,,,,,,,,,,,,,,,,,,,,,,,,,,,,,,
